,features,timepoint,subject
0,"[0, 8193, 124744, 80739, 62631, 54686, 65823, 58030, 37973, 18169, 1009, 3, 0, 0, 0]",1,00002
1,"[316, 54209, 99857, 59835, 51328, 43767, 46558, 91418, 56685, 7989, 38, 0, 0, 0, 0]",5,00002
2,"[0, 2705, 20498, 137376, 89144, 105630, 127268, 28983, 384, 6, 4, 2, 0, 0, 0]",1,00003
3,"[0, 913, 8924, 130842, 107756, 142297, 99191, 21932, 123, 16, 2, 4, 0, 0, 0]",5,00003
4,"[0, 65, 9614, 144388, 91803, 131609, 111955, 22199, 343, 15, 5, 4, 0, 0, 0]",1,00006
5,"[0, 4, 11830, 137450, 100032, 140442, 86200, 32462, 3550, 18, 9, 3, 0, 0, 0]",5,00006
6,"[517, 42606, 101455, 60446, 57442, 52642, 59183, 75747, 56433, 5505, 24, 0, 0, 0, 0]",1,00007
7,"[2315, 72261, 77715, 52410, 51755, 45332, 56856, 87514, 60737, 5082, 23, 0, 0, 0, 0]",5,00007
8,"[0, 0, 41919, 141128, 74550, 85127, 115476, 48286, 4703, 678, 121, 11, 1, 0, 0]",1,00011
9,"[0, 14747, 122333, 77709, 54387, 50362, 69677, 64904, 45941, 11347, 589, 4, 0, 0, 0]",5,00011
10,"[0, 0, 5354, 123911, 160164, 90002, 98443, 33871, 226, 19, 7, 1, 2, 0, 0]",1,00012
11,"[0, 501, 25418, 152640, 103582, 75882, 89732, 52601, 10577, 1057, 9, 1, 0, 0, 0]",5,00012
12,"[0, 3, 10530, 124265, 124334, 129041, 106876, 16078, 695, 123, 48, 7, 0, 0, 0]",1,00013
13,"[0, 113, 18815, 124316, 117256, 129192, 80934, 37334, 3999, 36, 2, 3, 0, 0, 0]",5,00013
14,"[0, 20375, 150798, 60785, 42440, 41901, 55175, 66348, 44963, 26423, 2787, 5, 0, 0, 0]",1,00014
15,"[0, 1702, 118043, 103855, 52638, 69814, 58876, 45282, 39135, 20496, 2157, 2, 0, 0, 0]",5,00014
16,"[0, 0, 46163, 138149, 105806, 85724, 64799, 32363, 22576, 13169, 3050, 196, 5, 0, 0]",1,00018
17,"[0, 9752, 106972, 86696, 63549, 60737, 78394, 64638, 30706, 10239, 314, 3, 0, 0, 0]",5,00018
18,"[0, 17426, 28179, 146153, 79165, 72189, 77467, 73917, 15832, 1638, 34, 0, 0, 0, 0]",1,00020
19,"[0, 4536, 9693, 147853, 103520, 98625, 113080, 34018, 664, 4, 4, 3, 0, 0, 0]",5,00020
20,"[0, 0, 1636, 79940, 157548, 214912, 57668, 276, 11, 7, 1, 0, 1, 0, 0]",1,00032
21,"[0, 663, 13412, 113753, 113489, 157507, 95705, 17098, 363, 5, 3, 2, 0, 0, 0]",5,00032
22,"[0, 8254, 48913, 109106, 84229, 100697, 106290, 46605, 7290, 566, 49, 1, 0, 0, 0]",1,00033
23,"[0, 3072, 123760, 93710, 55284, 61700, 62138, 54282, 40670, 16590, 787, 7, 0, 0, 0]",5,00033
24,"[0, 0, 34, 76156, 191656, 161121, 76004, 6986, 30, 7, 3, 2, 1, 0, 0]",1,00038
25,"[0, 0, 0, 27238, 237334, 196067, 51205, 135, 14, 2, 2, 2, 0, 1, 0]",5,00038
26,"[0, 0, 71048, 164166, 74478, 45424, 48223, 49372, 33399, 19107, 6226, 555, 2, 0, 0]",1,00039
27,"[0, 1079, 104962, 122192, 74866, 49827, 39334, 49280, 44043, 23983, 2410, 24, 0, 0, 0]",5,00039
28,"[0, 6237, 122554, 81413, 73924, 58471, 57257, 46586, 43343, 20345, 1867, 3, 0, 0, 0]",1,00044
29,"[0, 18113, 121483, 74030, 53695, 58944, 68550, 52390, 46761, 17387, 646, 1, 0, 0, 0]",5,00044
30,"[611, 11520, 44614, 103790, 84667, 100203, 114098, 46907, 5489, 99, 2, 0, 0, 0, 0]",1,00046
31,"[0, 4386, 16069, 125299, 112100, 110235, 112966, 30651, 278, 14, 0, 2, 0, 0, 0]",5,00046
32,"[0, 270, 32806, 158463, 99631, 82316, 60890, 40384, 27389, 8969, 858, 24, 0, 0, 0]",1,00050
33,"[0, 491, 43234, 141445, 99233, 83124, 69507, 45053, 20107, 8700, 1094, 12, 0, 0, 0]",5,00050
34,"[0, 0, 1671, 105336, 134225, 191916, 76120, 2695, 22, 11, 2, 1, 1, 0, 0]",1,00051
35,"[0, 0, 1795, 116150, 123035, 185474, 78083, 7403, 42, 11, 5, 1, 1, 0, 0]",5,00051
36,"[0, 14836, 108788, 79560, 64102, 64797, 68939, 57642, 42262, 10914, 159, 1, 0, 0, 0]",1,00052
37,"[0, 3949, 98812, 90070, 79147, 83339, 69330, 39255, 27072, 18744, 2269, 13, 0, 0, 0]",5,00052
38,"[0, 3116, 22994, 131273, 93509, 104850, 125184, 30866, 186, 17, 3, 2, 0, 0, 0]",1,00053
39,"[0, 3302, 29065, 129392, 101655, 94329, 106085, 42303, 5601, 263, 4, 1, 0, 0, 0]",5,00053
40,"[0, 108, 45635, 154416, 87848, 71582, 68286, 48970, 23722, 9773, 1607, 53, 0, 0, 0]",1,00054
41,"[0, 157, 38065, 162901, 87062, 74245, 71886, 38361, 25605, 11426, 2234, 58, 0, 0, 0]",5,00054
42,"[0, 29439, 113307, 64570, 48863, 53612, 76836, 72701, 49019, 3533, 118, 2, 0, 0, 0]",1,00056
43,"[508, 64060, 96537, 53700, 41420, 43189, 64637, 79273, 59691, 8838, 147, 0, 0, 0, 0]",5,00056
44,"[1342, 4876, 70451, 97673, 85307, 86401, 90066, 60071, 14550, 1245, 18, 0, 0, 0, 0]",1,00057
45,"[0, 2, 14044, 123541, 117698, 127010, 113237, 16306, 152, 4, 4, 2, 0, 0, 0]",5,00057
46,"[0, 3483, 120426, 92816, 63686, 59233, 64884, 47175, 36186, 20219, 3852, 40, 0, 0, 0]",1,00058
47,"[0, 20212, 121938, 70151, 53282, 52676, 63849, 73741, 48507, 7427, 216, 1, 0, 0, 0]",2,00058
48,"[0, 6552, 129788, 77134, 59645, 59823, 61108, 63036, 41782, 12425, 705, 2, 0, 0, 0]",1,00059
49,"[0, 8153, 134469, 74755, 55035, 52052, 59148, 73231, 42331, 12179, 645, 2, 0, 0, 0]",5,00059
50,"[0, 2790, 104481, 112833, 73485, 69671, 37615, 39471, 38299, 28144, 5131, 80, 0, 0, 0]",1,00062
51,"[0, 0, 27078, 165662, 94768, 70140, 71226, 66073, 13439, 2340, 1074, 196, 4, 0, 0]",5,00062
52,"[0, 4184, 148946, 72890, 56524, 50817, 53685, 56574, 40208, 24964, 3199, 9, 0, 0, 0]",1,00063
53,"[0, 0, 0, 145697, 168112, 93135, 59438, 26794, 10888, 4452, 2313, 1008, 161, 2, 0]",5,00063
54,"[0, 7385, 90387, 102075, 76419, 78940, 53337, 52426, 44436, 6300, 287, 8, 0, 0, 0]",1,00064
55,"[0, 4987, 107470, 88911, 74620, 70996, 57688, 52394, 45046, 9674, 213, 1, 0, 0, 0]",5,00064
56,"[0, 7208, 57940, 87745, 77827, 123240, 114771, 42381, 871, 14, 3, 0, 0, 0, 0]",1,00066
57,"[0, 4208, 31495, 106308, 99103, 144515, 89154, 32481, 4693, 33, 7, 3, 0, 0, 0]",5,00066
58,"[0, 0, 3970, 86836, 161652, 179473, 73655, 5936, 408, 45, 14, 9, 2, 0, 0]",1,00067
59,"[0, 0, 4658, 108563, 135570, 167663, 91373, 4107, 52, 9, 4, 0, 1, 0, 0]",5,00067
60,"[0, 1337, 133503, 84068, 50637, 48160, 74220, 84587, 28011, 5551, 1826, 100, 0, 0, 0]",1,00070
61,"[0, 0, 0, 194686, 116109, 86841, 43286, 24681, 28337, 17717, 334, 6, 2, 1, 0]",5,00070
62,"[0, 0, 9, 68316, 233373, 139879, 38243, 20949, 10097, 1124, 5, 4, 1, 0, 0]",1,00074
63,"[0, 0, 6093, 182772, 130766, 77105, 43121, 27517, 29310, 10983, 3059, 1192, 82, 0, 0]",5,00074
64,"[0, 0, 143372, 55882, 62140, 78841, 60224, 67052, 34382, 8506, 1512, 86, 3, 0, 0]",1,00076
65,"[0, 0, 20873, 76568, 175226, 145522, 64318, 22125, 4988, 1537, 546, 257, 40, 0, 0]",5,00076
66,"[0, 0, 5369, 75905, 172740, 174813, 76730, 6218, 136, 55, 21, 11, 2, 0, 0]",1,00079
67,"[0, 675, 89411, 111840, 73584, 66527, 79707, 52876, 28137, 8845, 393, 5, 0, 0, 0]",5,00079
68,"[0, 0, 2138, 117906, 142064, 138270, 105021, 6496, 74, 15, 14, 1, 1, 0, 0]",1,00081
69,"[0, 0, 3637, 130786, 124604, 127346, 116522, 9008, 54, 29, 9, 4, 1, 0, 0]",5,00081
70,"[0, 5933, 19346, 129972, 92356, 107249, 137109, 19893, 133, 7, 1, 1, 0, 0, 0]",1,00083
71,"[0, 6, 11920, 128196, 118144, 136657, 85204, 26866, 4925, 78, 2, 2, 0, 0, 0]",5,00083
72,"[0, 0, 0, 53412, 190712, 229271, 38357, 145, 50, 26, 12, 10, 4, 1, 0]",1,00085
73,"[0, 241, 104166, 84750, 53984, 81036, 114110, 63874, 7941, 1484, 389, 25, 0, 0, 0]",5,00085
74,"[0, 1071, 46512, 118079, 86670, 111989, 92036, 51790, 3717, 116, 19, 1, 0, 0, 0]",1,00089
75,"[0, 0, 4195, 128078, 127315, 139812, 87893, 24528, 166, 9, 3, 0, 1, 0, 0]",5,00089
76,"[0, 0, 9032, 96873, 126067, 199010, 76140, 4644, 207, 19, 5, 1, 2, 0, 0]",1,00092
77,"[0, 14048, 98897, 77713, 64820, 68327, 87157, 76646, 22363, 1750, 275, 4, 0, 0, 0]",5,00092
78,"[0, 0, 0, 145185, 136164, 117595, 86684, 16465, 6186, 2682, 870, 147, 20, 2, 0]",1,00093
79,"[0, 0, 15176, 165409, 95303, 85239, 102107, 36193, 8904, 2701, 796, 151, 21, 0, 0]",5,00093
80,"[0, 3960, 108023, 100635, 68740, 67051, 50813, 51766, 51956, 8653, 398, 5, 0, 0, 0]",1,00094
81,"[0, 7294, 119461, 94037, 60505, 59230, 50333, 53112, 53428, 13989, 606, 5, 0, 0, 0]",5,00094
82,"[74, 43812, 92955, 67027, 56564, 93025, 46256, 34447, 42125, 33733, 1982, 0, 0, 0, 0]",1,00096
83,"[524, 46551, 93954, 64772, 52019, 66932, 67147, 49655, 57962, 12386, 98, 0, 0, 0, 0]",5,00096
84,"[0, 4750, 109054, 84417, 68407, 74043, 76947, 51904, 26365, 15319, 779, 15, 0, 0, 0]",1,00102
85,"[0, 14517, 112642, 73349, 59817, 74203, 75826, 51542, 32068, 16543, 1487, 6, 0, 0, 0]",5,00102
86,"[0, 1174, 102192, 107193, 67946, 59392, 60124, 79953, 24728, 7063, 2152, 83, 0, 0, 0]",1,00103
87,"[0, 5062, 132248, 82759, 58694, 53063, 56734, 57814, 51241, 13779, 595, 11, 0, 0, 0]",2,00103
88,"[0, 45, 89665, 114077, 72021, 56964, 77429, 77547, 23406, 735, 102, 9, 0, 0, 0]",1,00104
89,"[0, 0, 686, 175829, 100355, 96597, 99106, 27233, 7740, 3461, 914, 74, 5, 0, 0]",5,00104
90,"[0, 0, 8257, 127387, 103296, 153088, 112408, 7528, 22, 11, 2, 1, 0, 0, 0]",1,00106
91,"[0, 0, 8875, 120870, 126138, 149244, 74834, 28883, 3125, 18, 10, 2, 1, 0, 0]",5,00106
92,"[0, 1686, 100650, 96741, 84025, 85477, 53258, 30915, 31136, 21841, 6160, 111, 0, 0, 0]",1,00107
93,"[0, 9046, 98465, 79302, 70369, 66658, 93343, 71705, 21098, 1879, 134, 1, 0, 0, 0]",5,00107
94,"[0, 0, 4789, 201019, 106697, 58881, 72554, 27688, 19359, 11794, 7243, 1955, 21, 0, 0]",1,00108
95,"[0, 945, 79916, 152110, 76737, 47627, 40455, 39073, 52342, 21357, 1404, 34, 0, 0, 0]",5,00108
96,"[0, 18081, 132818, 68250, 51400, 47218, 72813, 61263, 32834, 24885, 2437, 1, 0, 0, 0]",1,00112
97,"[0, 3986, 42703, 122305, 94962, 92602, 89944, 57439, 7970, 87, 2, 0, 0, 0, 0]",5,00112
98,"[0, 0, 11087, 99669, 141239, 165043, 86188, 8676, 63, 16, 12, 3, 4, 0, 0]",1,00113
99,"[0, 0, 0, 30498, 247409, 176408, 45686, 11689, 294, 5, 5, 1, 2, 3, 0]",5,00113
100,"[0, 244, 33935, 108891, 129247, 127908, 58894, 27691, 18157, 6923, 108, 2, 0, 0, 0]",1,00117
101,"[5, 9572, 104321, 91517, 74754, 57922, 54243, 67378, 46179, 6004, 105, 0, 0, 0, 0]",5,00117
102,"[0, 0, 21518, 110070, 141417, 135410, 57949, 27481, 16147, 1986, 15, 5, 2, 0, 0]",1,00118
103,"[0, 14462, 44824, 90334, 100029, 120591, 82665, 43432, 15327, 330, 5, 1, 0, 0, 0]",5,00118
104,"[0, 0, 292, 164088, 134819, 99304, 65176, 31827, 10147, 4102, 1487, 684, 74, 0, 0]",1,00119
105,"[0, 0, 0, 156280, 141309, 100086, 78542, 20988, 8026, 3880, 2045, 730, 113, 1, 0]",5,00119
106,"[0, 0, 325, 160782, 121312, 101554, 87549, 30223, 7551, 1949, 536, 192, 27, 0, 0]",1,00120
107,"[0, 471, 59977, 140667, 75914, 66180, 75845, 69630, 21902, 1379, 28, 7, 0, 0, 0]",5,00120
108,"[0, 0, 7501, 125089, 121270, 157644, 75142, 18724, 3858, 2017, 717, 37, 1, 0, 0]",1,00121
109,"[0, 0, 9072, 127704, 115300, 153106, 82290, 17076, 5094, 1877, 474, 7, 0, 0, 0]",5,00121
110,"[0, 16986, 106741, 87792, 62794, 67006, 60210, 45530, 39676, 23544, 1708, 13, 0, 0, 0]",1,00123
111,"[0, 26157, 101775, 78750, 69773, 68682, 50925, 45902, 44405, 23564, 2059, 8, 0, 0, 0]",5,00123
112,"[0, 0, 56648, 153270, 87393, 58817, 82143, 32523, 17762, 15220, 7907, 316, 1, 0, 0]",1,00124
113,"[0, 8221, 133748, 89010, 58339, 51198, 42356, 45003, 58777, 23961, 1384, 3, 0, 0, 0]",5,00124
114,"[168, 32760, 105879, 57704, 55732, 65279, 73642, 70513, 46107, 4090, 126, 0, 0, 0, 0]",1,00129
115,"[0, 11577, 115950, 95691, 62290, 46803, 53134, 60263, 46793, 18482, 1014, 3, 0, 0, 0]",5,00129
116,"[15, 27587, 126207, 66491, 55089, 44017, 50950, 67593, 59747, 14146, 158, 0, 0, 0, 0]",1,00134
117,"[0, 16468, 117868, 77834, 59838, 59051, 53829, 63442, 54717, 8731, 220, 2, 0, 0, 0]",5,00134
118,"[0, 14166, 98893, 95942, 62552, 57312, 67731, 74067, 32860, 7980, 496, 1, 0, 0, 0]",1,00142
119,"[0, 16200, 109167, 79476, 56523, 61330, 78735, 66554, 35904, 7833, 277, 1, 0, 0, 0]",5,00142
120,"[0, 8649, 30952, 114193, 93401, 106721, 124821, 31327, 1840, 93, 2, 1, 0, 0, 0]",1,00146
121,"[0, 7, 9555, 119515, 117839, 144116, 111739, 8816, 399, 10, 2, 2, 0, 0, 0]",5,00146
122,"[146, 11265, 37544, 113818, 95161, 98543, 95546, 48170, 11119, 672, 16, 0, 0, 0, 0]",1,00149
123,"[0, 162, 11998, 124092, 124644, 124743, 101802, 23987, 549, 18, 3, 2, 0, 0, 0]",5,00149
124,"[0, 0, 0, 34078, 252501, 177192, 32143, 10818, 3660, 1137, 358, 83, 26, 4, 0]",1,00151
125,"[0, 0, 6976, 79519, 191778, 128201, 87793, 14519, 2566, 519, 105, 22, 2, 0, 0]",5,00151
126,"[0, 0, 32471, 137326, 118398, 99245, 61866, 33169, 18077, 10255, 1188, 3, 2, 0, 0]",1,00152
127,"[0, 0, 4235, 128958, 126171, 128435, 109620, 14492, 62, 14, 9, 4, 0, 0, 0]",5,00152
128,"[0, 3395, 111048, 96687, 61211, 62440, 67284, 62022, 43470, 4362, 78, 3, 0, 0, 0]",1,00159
129,"[0, 3127, 109497, 91669, 66477, 55447, 76324, 76248, 30399, 2668, 141, 3, 0, 0, 0]",5,00159
130,"[0, 11457, 126859, 86112, 66325, 55946, 51452, 31015, 38867, 37076, 6873, 18, 0, 0, 0]",1,00161
131,"[0, 0, 92030, 116195, 84739, 84794, 46889, 29318, 23536, 19828, 12880, 1790, 1, 0, 0]",5,00161
132,"[0, 2472, 11663, 141537, 133763, 99551, 68240, 36006, 16898, 1768, 99, 3, 0, 0, 0]",1,00164
133,"[0, 10519, 16668, 144413, 110451, 90924, 78499, 36078, 20558, 3593, 291, 6, 0, 0, 0]",5,00164
134,"[0, 0, 94759, 113668, 84157, 83978, 44357, 30343, 26373, 22631, 11439, 290, 5, 0, 0]",1,00165
135,"[0, 989, 105802, 109656, 79771, 68865, 50500, 29855, 26264, 26721, 13096, 481, 0, 0, 0]",5,00165
136,"[0, 0, 0, 60495, 222257, 159225, 51732, 13598, 2950, 1110, 529, 86, 16, 2, 0]",1,00166
137,"[0, 0, 23633, 133574, 134942, 102485, 61206, 31465, 14792, 6186, 2987, 719, 11, 0, 0]",5,00166
138,"[0, 44882, 20258, 91394, 100645, 96190, 79446, 59711, 18513, 951, 9, 1, 0, 0, 0]",1,00167
139,"[0, 2779, 63887, 125942, 95737, 67881, 63723, 56028, 26038, 9128, 841, 16, 0, 0, 0]",5,00167
140,"[0, 7419, 128521, 79612, 59525, 61768, 70935, 41391, 35128, 24518, 3166, 17, 0, 0, 0]",1,00169
141,"[0, 2534, 113725, 95760, 74011, 69070, 60751, 37310, 26210, 25499, 7021, 109, 0, 0, 0]",5,00169
142,"[0, 0, 0, 39225, 237880, 168847, 62326, 3705, 5, 6, 3, 1, 1, 1, 0]",1,00170
143,"[0, 224, 27291, 115901, 121254, 124300, 76470, 37217, 9006, 325, 10, 2, 0, 0, 0]",5,00170
144,"[0, 0, 69721, 150564, 78417, 61878, 59677, 40059, 25744, 18267, 7076, 594, 3, 0, 0]",1,00171
145,"[0, 504, 44276, 143234, 107366, 73585, 59885, 49189, 24653, 7879, 1405, 24, 0, 0, 0]",5,00171
146,"[0, 641, 8502, 121798, 117082, 143539, 104702, 15457, 261, 14, 3, 1, 0, 0, 0]",1,00172
147,"[0, 4678, 34679, 119092, 89192, 112041, 107202, 42800, 2289, 20, 7, 0, 0, 0, 0]",5,00172
148,"[5, 1584, 32129, 115108, 110136, 108053, 103369, 37981, 3555, 74, 6, 0, 0, 0, 0]",1,00173
149,"[0, 1048, 25494, 123958, 108642, 112649, 100742, 34685, 4648, 130, 4, 0, 0, 0, 0]",5,00173
150,"[0, 12049, 33335, 84244, 83296, 177291, 102872, 16208, 1860, 658, 179, 8, 0, 0, 0]",1,00178
151,"[0, 765, 81292, 85420, 83586, 113150, 76966, 52505, 15304, 2196, 762, 54, 0, 0, 0]",5,00178
152,"[0, 23486, 130608, 72397, 45882, 43688, 50269, 72575, 64204, 8689, 201, 1, 0, 0, 0]",1,00181
153,"[0, 9632, 130707, 80865, 49548, 47186, 63317, 76466, 45278, 8572, 423, 6, 0, 0, 0]",5,00181
154,"[1075, 73956, 80270, 54001, 45618, 50429, 63977, 65851, 66817, 9979, 27, 0, 0, 0, 0]",1,00182
155,"[1328, 67110, 87697, 59954, 47345, 46885, 61506, 59056, 59862, 20980, 277, 0, 0, 0, 0]",5,00182
156,"[0, 0, 58975, 139155, 122741, 66280, 36945, 27261, 25277, 23770, 11438, 156, 2, 0, 0]",1,00183
157,"[0, 0, 38430, 155505, 128206, 69819, 38707, 26990, 23599, 18982, 10460, 1292, 10, 0, 0]",5,00183
158,"[297, 16379, 41132, 118651, 99696, 80102, 69077, 59274, 24418, 2942, 32, 0, 0, 0, 0]",1,00187
159,"[0, 10260, 16349, 125629, 98856, 114818, 110483, 34320, 1248, 33, 2, 2, 0, 0, 0]",5,00187
160,"[495, 5705, 66295, 97641, 78540, 94296, 105640, 53662, 9572, 150, 4, 0, 0, 0, 0]",1,00189
161,"[4, 2382, 60830, 101208, 91089, 95890, 102908, 49383, 8184, 119, 3, 0, 0, 0, 0]",5,00189
162,"[1154, 9513, 56665, 93685, 83776, 97081, 113924, 52460, 3710, 29, 3, 0, 0, 0, 0]",1,00190
163,"[0, 0, 12430, 114824, 115024, 156050, 104602, 9013, 30, 18, 8, 1, 0, 0, 0]",5,00190
164,"[0, 0, 5075, 102826, 149537, 157141, 84163, 12547, 684, 21, 4, 1, 1, 0, 0]",1,00192
165,"[0, 67, 16317, 122920, 114249, 132526, 101472, 22738, 1644, 62, 4, 1, 0, 0, 0]",5,00192
166,"[0, 2720, 13936, 126665, 94425, 141356, 116165, 16596, 107, 17, 12, 1, 0, 0, 0]",1,00194
167,"[0, 0, 7615, 119476, 111013, 165211, 103393, 5250, 27, 8, 5, 2, 0, 0, 0]",5,00194
168,"[0, 5966, 95641, 83934, 79047, 79423, 81152, 50461, 29297, 6626, 442, 11, 0, 0, 0]",1,00196
169,"[0, 0, 2067, 89561, 183211, 155896, 62563, 12857, 4339, 1267, 211, 26, 2, 0, 0]",5,00196
170,"[0, 13629, 117403, 86634, 63288, 52657, 46141, 65190, 50268, 15838, 951, 1, 0, 0, 0]",1,00200
171,"[0, 3633, 88783, 115892, 79628, 64221, 57553, 50289, 35510, 15122, 1361, 8, 0, 0, 0]",5,00200
172,"[0, 6507, 128378, 95764, 55038, 56718, 52992, 41891, 37458, 33218, 4027, 9, 0, 0, 0]",1,00201
173,"[0, 4480, 115162, 105540, 54950, 59251, 65263, 45275, 36082, 22364, 3629, 4, 0, 0, 0]",5,00201
174,"[0, 0, 85977, 139583, 82937, 72797, 36129, 25687, 25568, 23110, 18621, 1587, 4, 0, 0]",1,00202
175,"[0, 22168, 128784, 78097, 52536, 45984, 54433, 52463, 39677, 35699, 2156, 3, 0, 0, 0]",5,00202
176,"[0, 0, 5926, 122291, 132501, 124150, 119349, 7508, 256, 14, 3, 0, 2, 0, 0]",1,00203
177,"[0, 0, 4740, 107157, 158913, 128748, 96064, 15809, 558, 9, 0, 1, 1, 0, 0]",5,00203
178,"[37, 42739, 109626, 55202, 51088, 54381, 70501, 65457, 45466, 17121, 382, 0, 0, 0, 0]",1,00204
179,"[323, 56561, 98367, 52994, 45082, 52707, 71910, 75504, 47455, 10862, 235, 0, 0, 0, 0]",5,00204
180,"[0, 0, 5582, 165271, 100427, 96534, 105285, 28948, 6977, 2153, 671, 141, 11, 0, 0]",1,00207
181,"[0, 0, 4057, 156887, 110110, 104833, 97950, 30448, 5873, 1445, 332, 53, 12, 0, 0]",5,00207
182,"[0, 0, 17577, 169424, 93712, 76916, 87046, 55828, 8140, 2341, 902, 110, 4, 0, 0]",1,00208
183,"[0, 7384, 113957, 96990, 59137, 58127, 59766, 57475, 47261, 10874, 1000, 29, 0, 0, 0]",5,00208
184,"[0, 348, 15105, 129166, 103100, 115452, 138631, 10124, 56, 16, 1, 1, 0, 0, 0]",1,00209
185,"[24, 4185, 58151, 98638, 80802, 98443, 132884, 38529, 337, 5, 2, 0, 0, 0, 0]",5,00209
186,"[0, 399, 23679, 131255, 91793, 117465, 120290, 26240, 858, 13, 6, 2, 0, 0, 0]",1,00210
187,"[0, 8, 6802, 128078, 109170, 151165, 105267, 11323, 170, 8, 8, 1, 0, 0, 0]",5,00210
188,"[1951, 42996, 97348, 62994, 52614, 60940, 67964, 60632, 48810, 15271, 480, 0, 0, 0, 0]",1,00214
189,"[242, 30649, 104318, 71067, 56143, 61006, 64891, 65968, 45501, 11861, 354, 0, 0, 0, 0]",5,00214
190,"[0, 1841, 21201, 123706, 110723, 110131, 116807, 27234, 333, 15, 8, 1, 0, 0, 0]",1,00215
191,"[0, 6092, 118388, 90889, 62113, 60693, 66642, 48780, 31864, 23331, 3195, 13, 0, 0, 0]",5,00215
192,"[0, 2700, 27206, 116198, 101331, 115497, 124719, 24028, 309, 6, 4, 2, 0, 0, 0]",1,00217
193,"[0, 244, 9542, 115924, 116445, 152809, 112710, 4252, 48, 18, 6, 2, 0, 0, 0]",5,00217
194,"[0, 9, 15590, 173826, 116990, 74271, 55891, 36081, 26431, 10733, 2057, 121, 0, 0, 0]",1,00219
195,"[0, 132, 21252, 154426, 117646, 78949, 67355, 47053, 20109, 4619, 445, 14, 0, 0, 0]",5,00219
196,"[0, 772, 95796, 100744, 68726, 65579, 84447, 74699, 18106, 2609, 459, 63, 0, 0, 0]",1,00221
197,"[0, 23781, 109173, 76143, 57411, 54448, 78870, 58121, 35614, 16437, 1998, 4, 0, 0, 0]",5,00221
198,"[0, 16877, 112534, 84277, 61547, 57141, 59448, 55928, 47828, 16255, 164, 1, 0, 0, 0]",1,00223
199,"[0, 316, 86171, 120691, 69913, 57349, 73547, 82490, 18540, 2295, 622, 66, 0, 0, 0]",5,00223
200,"[0, 5087, 100654, 109981, 75350, 60465, 54040, 42551, 37998, 22358, 3478, 38, 0, 0, 0]",1,00224
201,"[0, 0, 50872, 149934, 90053, 82229, 62191, 33338, 21216, 16051, 5674, 440, 2, 0, 0]",5,00224
202,"[92, 24688, 123962, 65918, 51280, 50919, 57266, 74114, 57307, 6376, 78, 0, 0, 0, 0]",1,00225
203,"[0, 326, 79507, 131072, 71866, 62598, 64700, 60600, 36968, 3959, 376, 28, 0, 0, 0]",2,00225
204,"[0, 0, 15684, 171129, 94785, 89764, 70963, 49191, 16892, 2530, 795, 255, 12, 0, 0]",1,00231
205,"[0, 0, 33916, 154479, 113039, 83643, 48535, 33838, 27467, 15611, 1401, 69, 2, 0, 0]",5,00231
206,"[0, 711, 19226, 126981, 106489, 130651, 91612, 34643, 1666, 17, 2, 2, 0, 0, 0]",1,00233
207,"[0, 2494, 23168, 118904, 115656, 114597, 102215, 30653, 3979, 317, 16, 1, 0, 0, 0]",5,00233
208,"[0, 0, 40009, 136679, 97357, 83354, 92646, 46507, 11402, 3386, 612, 46, 2, 0, 0]",1,00234
209,"[0, 0, 1251, 128488, 151731, 120569, 80150, 19944, 6297, 2455, 922, 180, 13, 0, 0]",5,00234
210,"[0, 2302, 50390, 129786, 65588, 96045, 104896, 60644, 2340, 6, 1, 2, 0, 0, 0]",1,00240
211,"[0, 4819, 69274, 116454, 65098, 86543, 95402, 51927, 20144, 2311, 27, 1, 0, 0, 0]",5,00240
212,"[49, 7955, 83490, 74120, 74627, 110592, 92151, 48638, 19671, 703, 4, 0, 0, 0, 0]",1,00243
213,"[0, 3773, 52116, 102561, 97968, 120056, 73092, 42047, 18356, 1911, 118, 2, 0, 0, 0]",5,00243
214,"[0, 281, 63037, 133318, 93606, 65555, 61884, 57304, 31412, 5338, 257, 8, 0, 0, 0]",1,00247
215,"[0, 1230, 90483, 105055, 80694, 80808, 75320, 33237, 20533, 16427, 7871, 342, 0, 0, 0]",5,00247
216,"[340, 58918, 107036, 55632, 45563, 40166, 61367, 61883, 56027, 24921, 147, 0, 0, 0, 0]",1,00249
217,"[0, 24269, 123501, 71403, 51935, 44780, 53346, 82162, 54119, 6370, 113, 2, 0, 0, 0]",5,00249
218,"[0, 30579, 124113, 62254, 53016, 46110, 63525, 63009, 46494, 22226, 671, 3, 0, 0, 0]",1,00250
219,"[0, 30978, 122066, 62192, 49871, 47795, 78848, 53721, 42473, 23162, 890, 4, 0, 0, 0]",2,00250
220,"[0, 0, 12743, 111775, 125660, 155068, 81888, 24497, 334, 21, 7, 6, 1, 0, 0]",1,00251
221,"[0, 4, 18883, 113696, 113063, 143189, 100936, 22017, 199, 8, 4, 1, 0, 0, 0]",5,00251
222,"[0, 210, 15297, 139910, 89398, 125342, 116500, 25198, 118, 17, 8, 2, 0, 0, 0]",1,00252
223,"[0, 4556, 29067, 131660, 83080, 97197, 132236, 31532, 2647, 23, 1, 1, 0, 0, 0]",5,00252
224,"[0, 1108, 19355, 113848, 111241, 135521, 114715, 15870, 317, 16, 7, 2, 0, 0, 0]",1,00254
225,"[0, 566, 14328, 122574, 123767, 115811, 111255, 23108, 556, 23, 8, 4, 0, 0, 0]",5,00254
226,"[0, 0, 26687, 178388, 90538, 67220, 78819, 29346, 20721, 15367, 4822, 87, 5, 0, 0]",1,00255
227,"[0, 0, 99124, 115125, 63877, 67226, 86606, 31161, 22944, 18181, 7349, 404, 3, 0, 0]",5,00255
228,"[0, 0, 1249, 103093, 188885, 134154, 55370, 14627, 7312, 4463, 2318, 502, 27, 0, 0]",1,00257
229,"[0, 0, 2005, 102248, 176409, 138035, 72777, 14413, 4137, 1422, 420, 127, 7, 0, 0]",5,00257
230,"[0, 0, 1593, 103149, 164240, 138331, 95201, 8928, 514, 36, 3, 4, 1, 0, 0]",1,00258
231,"[0, 893, 27490, 142469, 89286, 91790, 111567, 45187, 3219, 94, 4, 1, 0, 0, 0]",5,00258
232,"[0, 0, 55268, 150252, 88566, 74847, 51786, 45912, 28957, 13206, 3078, 127, 1, 0, 0]",1,00259
233,"[0, 1082, 87770, 109303, 76882, 71581, 68884, 64415, 25952, 5645, 467, 19, 0, 0, 0]",5,00259
234,"[0, 5268, 17005, 132370, 93953, 111733, 128218, 22969, 424, 56, 3, 1, 0, 0, 0]",1,00263
235,"[0, 0, 10126, 122195, 121715, 127941, 122240, 7436, 258, 54, 22, 12, 1, 0, 0]",5,00263
236,"[0, 18651, 128407, 75084, 53637, 46681, 62260, 62842, 39513, 22793, 2131, 1, 0, 0, 0]",1,00265
237,"[0, 2805, 103641, 111829, 64031, 49340, 61007, 74805, 38251, 6123, 166, 2, 0, 0, 0]",5,00265
238,"[0, 32525, 125914, 65702, 48262, 45236, 70073, 43419, 47551, 31588, 1724, 6, 0, 0, 0]",1,00266
239,"[0, 2760, 122741, 98742, 59495, 51195, 70802, 38947, 40135, 25729, 1433, 21, 0, 0, 0]",5,00266
240,"[0, 0, 0, 137472, 124886, 153969, 69812, 17789, 5656, 1751, 449, 176, 38, 2, 0]",1,00267
241,"[0, 0, 10022, 161755, 90745, 104243, 106073, 29055, 6441, 2509, 935, 202, 20, 0, 0]",5,00267
242,"[0, 14405, 29422, 130897, 72681, 87392, 131303, 45614, 254, 24, 6, 2, 0, 0, 0]",1,00268
243,"[0, 887, 132799, 90005, 59406, 72870, 57408, 29474, 27678, 30581, 10587, 305, 0, 0, 0]",2,00268
244,"[0, 2774, 21607, 143620, 79748, 118160, 100527, 44043, 1503, 13, 4, 1, 0, 0, 0]",1,00269
245,"[0, 154, 6948, 135167, 108110, 142272, 98751, 20444, 147, 3, 1, 3, 0, 0, 0]",5,00269
246,"[0, 5584, 112148, 104044, 67733, 51619, 48645, 57009, 50843, 13674, 693, 8, 0, 0, 0]",1,00270
247,"[0, 7176, 113693, 96203, 62940, 47803, 62656, 65643, 48543, 7234, 105, 4, 0, 0, 0]",5,00270
248,"[0, 0, 3163, 100803, 132095, 197420, 77772, 713, 20, 7, 3, 3, 1, 0, 0]",1,00271
249,"[0, 0, 2244, 104515, 128385, 196689, 78102, 2035, 22, 5, 2, 0, 1, 0, 0]",5,00271
250,"[0, 634, 71729, 132008, 83340, 69293, 57425, 52171, 28492, 15613, 1233, 62, 0, 0, 0]",1,00274
251,"[0, 0, 20382, 93180, 148412, 142990, 80983, 21743, 3227, 760, 260, 62, 1, 0, 0]",5,00274
252,"[81, 51478, 75174, 61512, 61156, 99054, 59999, 39071, 39702, 24165, 608, 0, 0, 0, 0]",1,00276
253,"[0, 31826, 90105, 68539, 70026, 87721, 61532, 41167, 37767, 22773, 543, 1, 0, 0, 0]",5,00276
254,"[0, 5872, 116320, 89290, 68525, 56069, 55268, 68935, 34912, 14354, 2449, 6, 0, 0, 0]",1,00281
255,"[0, 0, 0, 126563, 170773, 97806, 79072, 31680, 5136, 756, 90, 86, 36, 2, 0]",5,00281
256,"[0, 36432, 129788, 63022, 54001, 41917, 35931, 61830, 53554, 33542, 1977, 6, 0, 0, 0]",1,00282
257,"[0, 18465, 128075, 78028, 61780, 50751, 43110, 40913, 69235, 21047, 590, 6, 0, 0, 0]",5,00282
258,"[0, 6298, 91824, 82178, 74712, 90054, 86914, 48797, 25091, 5851, 280, 1, 0, 0, 0]",1,00283
259,"[0, 8893, 91667, 91232, 72559, 67995, 83511, 65505, 27077, 3532, 28, 1, 0, 0, 0]",5,00283
260,"[0, 8039, 122519, 73741, 64526, 55859, 70808, 68262, 39037, 9037, 166, 6, 0, 0, 0]",1,00287
261,"[305, 42824, 104826, 61436, 54059, 51957, 55781, 77402, 54344, 8859, 207, 0, 0, 0, 0]",5,00287
262,"[0, 42338, 26428, 80896, 99545, 92793, 96495, 68322, 5127, 48, 5, 3, 0, 0, 0]",1,00289
263,"[0, 39347, 77287, 79529, 65169, 63300, 69791, 76719, 36848, 3680, 321, 9, 0, 0, 0]",5,00289
264,"[1614, 12026, 81362, 71990, 72389, 92290, 115137, 56361, 8370, 453, 8, 0, 0, 0, 0]",1,00290
265,"[0, 0, 2901, 111990, 123039, 181277, 89121, 3603, 50, 12, 6, 0, 1, 0, 0]",5,00290
266,"[0, 12688, 91246, 84973, 78251, 84083, 64159, 47220, 41031, 8143, 198, 8, 0, 0, 0]",1,00291
267,"[0, 0, 0, 1580, 263746, 223888, 22627, 106, 27, 12, 9, 3, 0, 2, 0]",5,00291
268,"[0, 3583, 35672, 100003, 100491, 132443, 115023, 24336, 444, 3, 1, 1, 0, 0, 0]",1,00294
269,"[0, 1253, 24779, 103381, 130995, 124872, 98423, 27747, 540, 5, 4, 1, 0, 0, 0]",5,00294
270,"[0, 2710, 98045, 95993, 79555, 82788, 67227, 35880, 26158, 18791, 4778, 75, 0, 0, 0]",1,00296
271,"[0, 4250, 93005, 102757, 77431, 78657, 66326, 41815, 27538, 16543, 3645, 33, 0, 0, 0]",5,00296
272,"[0, 0, 11227, 133137, 123461, 134624, 74810, 20657, 8734, 3944, 1219, 185, 2, 0, 0]",1,00297
273,"[0, 0, 10546, 129687, 115574, 132384, 100047, 18497, 3757, 1233, 267, 7, 1, 0, 0]",5,00297
274,"[0, 0, 1370, 91420, 145738, 217693, 55127, 536, 50, 37, 15, 11, 3, 0, 0]",1,00299
275,"[0, 126, 30940, 107641, 108933, 134362, 96316, 33438, 233, 4, 6, 1, 0, 0, 0]",5,00299
276,"[0, 51, 12971, 135901, 112595, 122470, 90526, 36281, 1196, 7, 0, 2, 0, 0, 0]",1,00300
277,"[0, 0, 6847, 129471, 128904, 123767, 99207, 23621, 169, 8, 5, 0, 1, 0, 0]",5,00300
278,"[0, 0, 288, 57720, 213587, 146246, 93841, 290, 18, 6, 2, 1, 1, 0, 0]",1,00302
279,"[0, 5, 3380, 146627, 129882, 119962, 65248, 40215, 6280, 376, 19, 6, 0, 0, 0]",5,00302
280,"[0, 0, 2801, 103715, 150774, 170086, 64791, 19491, 317, 8, 9, 7, 1, 0, 0]",1,00305
281,"[21, 3842, 61381, 105514, 78926, 94631, 109431, 50908, 7177, 166, 3, 0, 0, 0, 0]",5,00305
282,"[0, 0, 22108, 185359, 82151, 71226, 74696, 45238, 18041, 9567, 3272, 334, 8, 0, 0]",1,00307
283,"[6891, 13748, 63688, 87822, 84004, 84676, 81664, 70197, 18086, 1204, 20, 0, 0, 0, 0]",5,00307
284,"[0, 5242, 107474, 81536, 76998, 76631, 71005, 43929, 29406, 17037, 2724, 18, 0, 0, 0]",1,00309
285,"[0, 7234, 14873, 112612, 113203, 135749, 103497, 23745, 1067, 14, 5, 1, 0, 0, 0]",5,00309
286,"[0, 22710, 98357, 65846, 76259, 81793, 71333, 45121, 24849, 21645, 4068, 19, 0, 0, 0]",1,00311
287,"[0, 2158, 83827, 77850, 102853, 106156, 70757, 31048, 22146, 13757, 1411, 37, 0, 0, 0]",5,00311
288,"[0, 0, 2686, 160767, 111417, 91493, 119779, 25426, 392, 25, 8, 6, 1, 0, 0]",1,00313
289,"[0, 228, 90528, 129495, 69947, 62274, 56991, 49304, 30851, 17359, 4816, 207, 0, 0, 0]",5,00313
290,"[0, 460, 17895, 127442, 104307, 124027, 113658, 23864, 317, 24, 4, 2, 0, 0, 0]",1,00316
291,"[0, 220, 10945, 123210, 118488, 128673, 114381, 15930, 133, 14, 5, 1, 0, 0, 0]",5,00316
292,"[0, 1442, 64170, 98618, 78576, 105340, 114810, 45668, 3275, 94, 7, 0, 0, 0, 0]",1,00317
293,"[0, 0, 249, 103067, 143029, 185182, 71413, 8922, 76, 40, 19, 2, 1, 0, 0]",5,00317
294,"[0, 0, 11938, 185894, 102107, 66981, 65294, 63944, 13090, 2223, 386, 129, 14, 0, 0]",1,00319
295,"[0, 0, 0, 110105, 192003, 101892, 78757, 21723, 4190, 1595, 1117, 506, 108, 4, 0]",5,00319
296,"[0, 19328, 131602, 73764, 54207, 47738, 51093, 56128, 56194, 21564, 377, 5, 0, 0, 0]",1,00320
297,"[0, 0, 36102, 171374, 83380, 84491, 63072, 27163, 23118, 16793, 6130, 372, 5, 0, 0]",5,00320
298,"[0, 0, 282, 115199, 170574, 126014, 69490, 22802, 7033, 597, 7, 1, 1, 0, 0]",1,00321
299,"[0, 0, 566, 98297, 178403, 141329, 70784, 21976, 633, 5, 5, 1, 1, 0, 0]",5,00321
300,"[0, 0, 4437, 116760, 119017, 165757, 96916, 9075, 27, 6, 3, 2, 0, 0, 0]",1,00322
301,"[0, 0, 3798, 115853, 136951, 159168, 70077, 21213, 4855, 78, 3, 2, 2, 0, 0]",5,00322
302,"[0, 8046, 48031, 103579, 109696, 114915, 61694, 34208, 22002, 9143, 685, 1, 0, 0, 0]",1,00323
303,"[1114, 7510, 76430, 84959, 78975, 108230, 82180, 46675, 24223, 1690, 14, 0, 0, 0, 0]",5,00323
304,"[230, 53841, 115805, 51185, 46660, 43910, 46059, 75956, 53179, 24031, 1144, 0, 0, 0, 0]",1,00324
305,"[0, 699, 123390, 84337, 58714, 72855, 86800, 36468, 21650, 17131, 9765, 191, 0, 0, 0]",5,00324
306,"[0, 0, 116, 71677, 177917, 203830, 55134, 3034, 279, 7, 3, 2, 1, 0, 0]",1,00327
307,"[0, 35, 15385, 115359, 123639, 140735, 91027, 22760, 2631, 389, 37, 3, 0, 0, 0]",5,00327
308,"[0, 22114, 104373, 72275, 62783, 58214, 85920, 62024, 35172, 8854, 265, 6, 0, 0, 0]",1,00328
309,"[0, 18273, 114115, 72893, 62807, 61603, 67333, 60695, 40072, 13598, 610, 1, 0, 0, 0]",5,00328
310,"[0, 9547, 13884, 124793, 109447, 110843, 105390, 34921, 2638, 448, 85, 4, 0, 0, 0]",1,00329
311,"[0, 5824, 11996, 116459, 123686, 123573, 105825, 22960, 1171, 382, 108, 16, 0, 0, 0]",5,00329
312,"[0, 13635, 126501, 79466, 52507, 51963, 79753, 44542, 34933, 25473, 3216, 11, 0, 0, 0]",1,00330
313,"[0, 0, 23844, 171151, 91196, 102254, 57723, 26484, 18273, 14321, 6287, 464, 3, 0, 0]",5,00330
314,"[0, 1665, 19291, 135879, 97597, 102059, 127269, 27178, 1037, 15, 5, 5, 0, 0, 0]",1,00332
315,"[0, 1317, 31222, 127213, 89290, 104189, 124961, 32882, 918, 6, 1, 1, 0, 0, 0]",5,00332
316,"[0, 322, 76542, 109583, 76142, 76497, 100117, 57116, 12718, 2457, 489, 17, 0, 0, 0]",1,00336
317,"[0, 3549, 98820, 92303, 69837, 73505, 80038, 63106, 24360, 5696, 775, 11, 0, 0, 0]",5,00336
318,"[0, 0, 936, 87930, 177386, 145903, 96571, 3203, 58, 9, 2, 0, 2, 0, 0]",1,00338
319,"[0, 0, 0, 38190, 228025, 181112, 64345, 276, 36, 11, 3, 1, 0, 1, 0]",5,00338
320,"[0, 0, 464, 144299, 129285, 128465, 76333, 23896, 6791, 1895, 450, 108, 14, 0, 0]",1,00339
321,"[0, 0, 30, 130367, 143238, 140088, 70968, 19017, 5691, 1802, 640, 141, 18, 0, 0]",5,00339
322,"[0, 2856, 29788, 119435, 84974, 128490, 122200, 23993, 257, 5, 1, 1, 0, 0, 0]",1,00341
323,"[0, 1189, 14508, 128656, 94839, 131270, 135817, 5659, 52, 6, 2, 2, 0, 0, 0]",5,00341
324,"[127, 38193, 106266, 57460, 56060, 62286, 69025, 63242, 42165, 16958, 218, 0, 0, 0, 0]",1,00343
325,"[0, 9840, 114817, 77352, 65069, 65668, 67371, 61414, 42413, 7953, 102, 1, 0, 0, 0]",5,00343
326,"[124, 36767, 112103, 59703, 50452, 47176, 66386, 88517, 42077, 8606, 89, 0, 0, 0, 0]",1,00345
327,"[0, 22081, 126723, 66708, 52663, 49382, 68459, 60377, 48821, 16542, 243, 1, 0, 0, 0]",5,00345
328,"[0, 3263, 131775, 82450, 56603, 53330, 58770, 78489, 39897, 6872, 537, 14, 0, 0, 0]",1,00348
329,"[0, 2888, 128771, 89610, 57903, 56064, 60945, 56601, 38823, 18889, 1478, 28, 0, 0, 0]",5,00348
330,"[0, 0, 67312, 170584, 65318, 50249, 40358, 51070, 50977, 14502, 1489, 139, 2, 0, 0]",1,00349
331,"[0, 0, 18055, 201510, 81050, 62390, 55192, 56901, 27904, 7024, 1626, 338, 10, 0, 0]",5,00349
332,"[0, 0, 1799, 113942, 146255, 162054, 57002, 28945, 1981, 11, 5, 4, 2, 0, 0]",1,00350
333,"[0, 0, 4797, 117891, 130979, 150110, 95346, 12752, 86, 26, 11, 1, 1, 0, 0]",5,00350
334,"[0, 2, 10535, 122718, 120189, 130038, 112644, 15742, 123, 6, 2, 1, 0, 0, 0]",1,00351
335,"[0, 1240, 85822, 99578, 78147, 87551, 84735, 44681, 18515, 9054, 2561, 116, 0, 0, 0]",5,00351
336,"[1382, 56047, 75729, 58765, 57137, 68453, 70095, 71001, 50212, 3107, 72, 0, 0, 0, 0]",1,00352
337,"[0, 7126, 102110, 80793, 65602, 76783, 78944, 79190, 19736, 1425, 283, 8, 0, 0, 0]",5,00352
338,"[0, 20824, 127713, 66736, 53896, 54463, 59013, 63179, 48402, 16996, 777, 1, 0, 0, 0]",1,00353
339,"[78, 27132, 124273, 64138, 50778, 49242, 67164, 64897, 50750, 13090, 458, 0, 0, 0, 0]",5,00353
340,"[0, 0, 2877, 124172, 122691, 157636, 85111, 19187, 309, 9, 4, 2, 2, 0, 0]",1,00354
341,"[0, 0, 0, 55009, 189411, 222388, 44803, 333, 36, 11, 6, 1, 2, 0, 0]",5,00354
342,"[0, 434, 49338, 124895, 92590, 111079, 65103, 41000, 21680, 5195, 680, 6, 0, 0, 0]",1,00356
343,"[0, 23171, 124986, 66728, 54302, 48741, 62201, 66109, 54020, 11295, 444, 3, 0, 0, 0]",5,00356
344,"[0, 0, 18947, 116708, 115063, 134625, 103957, 22632, 57, 6, 2, 2, 1, 0, 0]",1,00358
345,"[0, 0, 11462, 112781, 149768, 140267, 59037, 30723, 7920, 26, 7, 7, 2, 0, 0]",5,00358
346,"[0, 0, 4862, 92405, 159263, 162155, 85253, 7995, 46, 11, 7, 0, 3, 0, 0]",1,00362
347,"[0, 357, 24571, 107082, 122577, 139469, 80742, 30777, 6109, 310, 5, 1, 0, 0, 0]",5,00362
348,"[37, 18383, 129510, 75448, 56174, 45058, 44996, 66765, 62098, 13200, 331, 0, 0, 0, 0]",1,00365
349,"[0, 4719, 110446, 97420, 65969, 54665, 59306, 71999, 41806, 5350, 317, 3, 0, 0, 0]",5,00365
350,"[0, 0, 121, 102209, 168058, 144425, 79634, 17255, 264, 16, 13, 3, 2, 0, 0]",1,00366
351,"[0, 0, 12701, 134661, 125118, 113096, 83988, 37661, 4736, 29, 7, 2, 1, 0, 0]",5,00366
352,"[229, 37951, 97490, 59488, 54063, 60141, 76019, 93530, 31385, 1673, 31, 0, 0, 0, 0]",1,00367
353,"[168, 28276, 104703, 63847, 60314, 61059, 67988, 82061, 41582, 1990, 12, 0, 0, 0, 0]",5,00367
354,"[0, 9720, 136568, 69481, 50904, 60185, 83101, 31761, 38005, 29971, 2302, 2, 0, 0, 0]",1,00369
355,"[0, 1819, 125603, 82858, 59629, 69118, 85912, 28855, 28033, 24196, 5888, 89, 0, 0, 0]",5,00369
356,"[0, 0, 42, 161761, 122483, 101358, 91454, 23029, 7273, 3241, 1090, 241, 28, 0, 0]",1,00370
357,"[0, 0, 9470, 168499, 92102, 96321, 97278, 38371, 7780, 1724, 340, 100, 15, 0, 0]",5,00370
358,"[0, 7397, 135889, 77857, 55778, 57512, 53438, 50321, 51356, 21754, 692, 6, 0, 0, 0]",1,00371
359,"[0, 2962, 118709, 86059, 60000, 58005, 72975, 78011, 31739, 3401, 137, 2, 0, 0, 0]",2,00371
360,"[0, 2175, 88841, 97858, 102442, 66201, 48262, 66026, 30980, 8548, 656, 11, 0, 0, 0]",1,00372
361,"[0, 3140, 96778, 94048, 82426, 80089, 62428, 49159, 27455, 14858, 1607, 12, 0, 0, 0]",5,00372
362,"[0, 8956, 94411, 89113, 78589, 74419, 64036, 57849, 39003, 5419, 201, 4, 0, 0, 0]",1,00378
363,"[0, 0, 0, 114971, 157365, 138104, 89686, 10457, 963, 230, 119, 85, 18, 2, 0]",5,00378
364,"[0, 0, 0, 52294, 214157, 178356, 66475, 681, 26, 5, 4, 0, 2, 0, 0]",1,00383
365,"[0, 0, 0, 23732, 257434, 176899, 53026, 896, 6, 3, 2, 1, 0, 1, 0]",5,00383
366,"[0, 0, 22194, 166318, 97275, 77921, 77375, 49944, 15585, 4264, 978, 142, 4, 0, 0]",1,00384
367,"[0, 0, 0, 137153, 148355, 108388, 86274, 27848, 3641, 223, 61, 45, 11, 1, 0]",5,00384
368,"[0, 1849, 11035, 132631, 106274, 115557, 130982, 13527, 115, 22, 5, 3, 0, 0, 0]",1,00385
369,"[0, 3, 11737, 127514, 112753, 131305, 106653, 21877, 109, 35, 13, 1, 0, 0, 0]",5,00385
370,"[0, 10899, 126473, 65482, 64603, 54277, 57518, 92583, 38170, 1957, 37, 1, 0, 0, 0]",1,00392
371,"[23, 26038, 118503, 60805, 60265, 51119, 71512, 68183, 41910, 13520, 122, 0, 0, 0, 0]",5,00392
372,"[0, 0, 0, 12274, 245666, 225938, 28062, 35, 15, 5, 3, 0, 1, 1, 0]",1,00396
373,"[0, 11640, 122873, 75199, 60583, 60979, 66326, 55668, 39363, 18352, 1014, 3, 0, 0, 0]",5,00396
374,"[0, 2906, 88461, 84989, 77399, 81775, 99654, 61043, 13808, 1898, 58, 9, 0, 0, 0]",1,00398
375,"[0, 418, 84988, 89053, 83523, 87277, 91064, 58611, 14745, 2125, 167, 29, 0, 0, 0]",2,00398
376,"[0, 0, 0, 106851, 176376, 146013, 57455, 16015, 5688, 2178, 997, 344, 82, 1, 0]",1,00399
377,"[0, 0, 0, 97282, 170230, 157804, 77079, 8474, 787, 210, 70, 46, 16, 2, 0]",5,00399
378,"[0, 0, 1455, 135957, 136654, 129539, 78109, 23321, 5043, 1161, 476, 233, 52, 0, 0]",1,00402
379,"[0, 63, 34803, 148382, 89640, 85555, 86796, 48697, 14077, 3547, 416, 24, 0, 0, 0]",5,00402
380,"[0, 5692, 38273, 119940, 109492, 105059, 65907, 43065, 20836, 3398, 331, 7, 0, 0, 0]",1,00406
381,"[0, 0, 4156, 82678, 182292, 145051, 94036, 3732, 28, 17, 6, 3, 1, 0, 0]",5,00406
382,"[0, 37881, 99666, 70711, 57934, 58187, 61301, 58323, 54977, 12758, 260, 2, 0, 0, 0]",1,00408
383,"[0, 17293, 104454, 91078, 71578, 62673, 52819, 39578, 42170, 27514, 2826, 17, 0, 0, 0]",5,00408
384,"[0, 2628, 115152, 95955, 59899, 58988, 74563, 50524, 44386, 9660, 243, 2, 0, 0, 0]",1,00413
385,"[0, 10476, 127392, 83071, 55508, 61114, 59458, 45896, 39627, 27502, 1948, 8, 0, 0, 0]",5,00413
386,"[0, 0, 11647, 132078, 113474, 133430, 85499, 29280, 6427, 158, 4, 3, 0, 0, 0]",1,00415
387,"[0, 0, 4, 85420, 176083, 176129, 60828, 13105, 402, 16, 8, 0, 5, 0, 0]",5,00415
388,"[803, 34975, 92895, 75952, 61766, 54021, 63963, 72609, 48247, 6645, 124, 0, 0, 0, 0]",1,00416
389,"[35, 21488, 101221, 79237, 63022, 57599, 71291, 72780, 41925, 3357, 45, 0, 0, 0, 0]",5,00416
390,"[0, 0, 0, 65729, 222108, 147136, 59105, 12708, 3443, 1084, 551, 101, 29, 6, 0]",1,00419
391,"[0, 0, 0, 73127, 223971, 141877, 47208, 16114, 5253, 2595, 1310, 486, 53, 6, 0]",5,00419
392,"[0, 0, 5960, 117027, 114946, 170582, 97517, 5817, 102, 27, 12, 9, 1, 0, 0]",1,00420
393,"[0, 0, 336, 85478, 166683, 186378, 72025, 1054, 31, 5, 6, 2, 2, 0, 0]",5,00420
394,"[0, 2932, 103174, 101899, 84995, 65558, 57646, 34242, 27211, 27980, 6205, 158, 0, 0, 0]",1,00426
395,"[0, 21055, 108926, 83215, 59724, 59850, 63910, 51426, 41853, 20194, 1829, 18, 0, 0, 0]",5,00426
396,"[0, 29555, 96189, 69849, 64854, 67440, 66963, 68471, 42385, 6162, 123, 9, 0, 0, 0]",1,00427
397,"[0, 0, 3306, 100166, 137769, 186883, 81272, 2538, 44, 18, 1, 2, 1, 0, 0]",5,00427
398,"[0, 0, 0, 25230, 228079, 229656, 28962, 37, 18, 10, 5, 1, 1, 1, 0]",1,00428
399,"[0, 0, 8520, 117386, 120077, 148567, 112939, 4465, 28, 8, 4, 5, 1, 0, 0]",5,00428
400,"[0, 0, 0, 61399, 254697, 122829, 40613, 16895, 9123, 4472, 1592, 321, 50, 9, 0]",1,00433
401,"[0, 0, 59128, 133662, 80477, 79469, 76996, 61982, 13264, 4738, 2071, 208, 5, 0, 0]",5,00433
402,"[0, 0, 3829, 109390, 164046, 139988, 67162, 19363, 5622, 1991, 531, 72, 6, 0, 0]",1,00434
403,"[0, 0, 407, 149988, 132206, 106979, 90915, 21102, 5601, 2953, 1458, 348, 43, 0, 0]",5,00434
404,"[0, 22, 28251, 147991, 89621, 91310, 92568, 60464, 1349, 291, 109, 24, 0, 0, 0]",1,00435
405,"[0, 0, 16030, 128864, 124204, 112314, 96744, 30476, 2605, 660, 89, 12, 2, 0, 0]",5,00435
406,"[0, 0, 0, 114328, 178162, 110169, 85494, 18975, 3075, 1119, 509, 155, 12, 2, 0]",1,00437
407,"[0, 0, 32, 141231, 150135, 100485, 87201, 24450, 5759, 1800, 614, 233, 60, 0, 0]",5,00437
408,"[0, 10833, 116182, 95381, 66373, 48021, 43376, 63265, 50959, 16829, 780, 1, 0, 0, 0]",1,00438
409,"[0, 0, 54833, 152587, 84218, 64607, 81708, 33926, 19268, 13932, 6499, 418, 4, 0, 0]",5,00438
410,"[0, 0, 7034, 133134, 95529, 157524, 110774, 7831, 124, 41, 7, 2, 0, 0, 0]",1,00442
411,"[0, 0, 4, 104191, 173242, 144934, 63526, 21484, 4428, 182, 2, 6, 1, 0, 0]",5,00442
412,"[0, 15663, 140383, 63372, 45386, 46283, 65223, 75569, 51975, 7892, 251, 3, 0, 0, 0]",1,00446
413,"[0, 5888, 144571, 74261, 50365, 51238, 60179, 57523, 48806, 17274, 1873, 22, 0, 0, 0]",5,00446
414,"[0, 0, 592, 76332, 190211, 161621, 81557, 1650, 26, 7, 3, 0, 1, 0, 0]",1,00447
415,"[0, 0, 2292, 99222, 158843, 158777, 78812, 13784, 254, 9, 5, 0, 2, 0, 0]",5,00447
416,"[0, 17228, 119905, 67355, 62177, 62834, 60586, 64111, 47382, 10334, 86, 2, 0, 0, 0]",1,00448
417,"[0, 5213, 112332, 82477, 66773, 69817, 74465, 59437, 28279, 12034, 1160, 13, 0, 0, 0]",5,00448
418,"[0, 0, 184, 192940, 113843, 68970, 70873, 43810, 13208, 6090, 1729, 315, 38, 0, 0]",1,00450
419,"[0, 0, 13889, 189371, 87571, 73921, 67800, 54139, 18869, 4145, 1753, 520, 22, 0, 0]",5,00450
420,"[0, 9165, 99606, 88083, 82369, 80106, 52313, 36139, 42597, 20063, 1541, 18, 0, 0, 0]",1,00451
421,"[0, 0, 38419, 115165, 98567, 112796, 114270, 26939, 3577, 1488, 660, 114, 5, 0, 0]",5,00451
422,"[0, 32, 57539, 152062, 87625, 63649, 59282, 45459, 27284, 15237, 3681, 150, 0, 0, 0]",1,00453
423,"[0, 5832, 107921, 94306, 67860, 58024, 60166, 75514, 38669, 3596, 108, 4, 0, 0, 0]",5,00453
424,"[0, 5080, 17370, 117523, 108311, 125929, 114149, 23131, 438, 55, 13, 1, 0, 0, 0]",1,00454
425,"[0, 5852, 12096, 118795, 107924, 130679, 121968, 14390, 182, 69, 35, 10, 0, 0, 0]",5,00454
426,"[0, 24078, 47282, 89119, 82438, 91962, 119340, 51368, 6197, 209, 6, 1, 0, 0, 0]",1,00455
427,"[0, 20925, 44694, 94158, 80586, 102360, 115620, 46153, 6942, 553, 9, 0, 0, 0, 0]",5,00455
428,"[0, 24582, 113543, 70511, 61780, 52654, 60288, 67271, 55358, 5952, 60, 1, 0, 0, 0]",1,00456
429,"[0, 616, 50363, 102393, 95329, 128141, 87818, 37942, 9207, 188, 2, 1, 0, 0, 0]",2,00456
430,"[0, 8984, 62054, 101599, 98337, 87213, 79746, 41803, 24445, 7514, 305, 0, 0, 0, 0]",1,00461
431,"[0, 1491, 21326, 137761, 92956, 109759, 116138, 31096, 1424, 42, 6, 1, 0, 0, 0]",5,00461
432,"[777, 45459, 87150, 59879, 57757, 56983, 74051, 97500, 31221, 1205, 18, 0, 0, 0, 0]",1,00462
433,"[0, 1263, 93169, 101063, 79155, 93406, 58942, 32097, 29864, 19066, 3913, 62, 0, 0, 0]",5,00462
434,"[4, 5278, 43025, 134642, 83040, 89034, 79602, 60199, 16589, 576, 11, 0, 0, 0, 0]",1,00464
435,"[0, 0, 8891, 140561, 117102, 115635, 97444, 31037, 1199, 104, 21, 6, 0, 0, 0]",5,00464
436,"[0, 1287, 91654, 115813, 76610, 63252, 56162, 59286, 40303, 7447, 178, 8, 0, 0, 0]",1,00465
437,"[0, 5686, 13377, 118867, 123385, 126432, 83583, 35109, 5412, 142, 5, 2, 0, 0, 0]",5,00465
438,"[101, 19545, 84628, 70524, 87105, 86645, 66651, 55910, 36484, 4351, 56, 0, 0, 0, 0]",1,00468
439,"[0, 1836, 8064, 92845, 141468, 171281, 85972, 9301, 1116, 110, 2, 5, 0, 0, 0]",5,00468
440,"[0, 15467, 102636, 82102, 70681, 62815, 62583, 67129, 43358, 5016, 210, 3, 0, 0, 0]",1,00469
441,"[0, 21286, 104284, 76105, 58187, 58483, 78111, 78064, 32303, 5022, 153, 2, 0, 0, 0]",5,00469
442,"[0, 7617, 13615, 117926, 111103, 135721, 93600, 31876, 532, 5, 4, 1, 0, 0, 0]",1,00470
443,"[0, 0, 0, 20322, 259383, 175542, 53571, 3146, 24, 3, 4, 2, 1, 2, 0]",2,00470
444,"[0, 6425, 124761, 85673, 62190, 50809, 67169, 54297, 42379, 18012, 284, 1, 0, 0, 0]",1,00473
445,"[0, 23566, 124451, 72395, 51347, 50608, 72349, 43701, 44060, 28154, 1366, 3, 0, 0, 0]",5,00473
446,"[0, 2303, 25449, 126078, 81565, 129071, 129360, 17930, 210, 26, 4, 4, 0, 0, 0]",1,00474
447,"[0, 821, 27895, 121766, 90755, 134778, 104359, 30985, 616, 14, 9, 2, 0, 0, 0]",5,00474
448,"[0, 0, 3261, 82891, 188499, 166496, 51419, 10652, 4302, 2541, 1408, 481, 50, 0, 0]",1,00475
449,"[0, 0, 0, 45705, 229036, 192779, 28556, 7692, 4033, 2657, 1208, 277, 55, 2, 0]",5,00475
450,"[0, 765, 76529, 118698, 100462, 74307, 54804, 37035, 25907, 18022, 5296, 175, 0, 0, 0]",1,00479
451,"[0, 0, 24597, 159002, 122810, 79658, 52344, 32174, 20872, 14248, 5894, 397, 4, 0, 0]",5,00479
452,"[0, 28869, 117619, 71359, 53505, 51197, 69115, 45521, 48508, 25416, 888, 3, 0, 0, 0]",1,00481
453,"[0, 12349, 117087, 85696, 60112, 57133, 65783, 50244, 43273, 19693, 627, 3, 0, 0, 0]",2,00481
454,"[1323, 48817, 97385, 59930, 53752, 53909, 52732, 78991, 58528, 6511, 122, 0, 0, 0, 0]",1,00482
455,"[2106, 54293, 89211, 60337, 50613, 54266, 65062, 73842, 50912, 11285, 73, 0, 0, 0, 0]",5,00482
456,"[0, 10989, 107753, 75517, 68819, 62502, 85198, 60371, 36017, 4673, 156, 5, 0, 0, 0]",1,00484
457,"[0, 23934, 110100, 72940, 60365, 56981, 75019, 55157, 36499, 20205, 798, 2, 0, 0, 0]",5,00484
458,"[0, 0, 12752, 157322, 110254, 107335, 61672, 40684, 17096, 4361, 497, 26, 1, 0, 0]",1,00487
459,"[0, 209, 32481, 155949, 118725, 71383, 48936, 37507, 34677, 11032, 1078, 23, 0, 0, 0]",5,00487
460,"[28, 36794, 122224, 65790, 50699, 45589, 51445, 57153, 54002, 27569, 707, 0, 0, 0, 0]",1,00488
461,"[0, 28897, 115859, 75552, 56002, 56078, 54032, 49341, 44096, 29088, 3051, 4, 0, 0, 0]",5,00488
462,"[0, 0, 3791, 106275, 133991, 179431, 88257, 230, 7, 10, 5, 2, 1, 0, 0]",1,00489
463,"[0, 0, 6867, 111707, 143738, 131339, 105709, 12586, 33, 11, 3, 4, 3, 0, 0]",5,00489
464,"[0, 1691, 102898, 133384, 64691, 47912, 44623, 43330, 41593, 28091, 3752, 35, 0, 0, 0]",1,00493
465,"[0, 978, 93846, 136281, 69143, 54141, 49083, 43647, 32125, 29194, 3506, 56, 0, 0, 0]",5,00493
466,"[0, 0, 37202, 141327, 83294, 100379, 99294, 33536, 10064, 4595, 1867, 435, 7, 0, 0]",1,00498
467,"[0, 42, 67418, 116923, 76454, 97050, 86731, 44654, 14729, 5964, 1894, 141, 0, 0, 0]",5,00498
468,"[0, 0, 53808, 68631, 131645, 122663, 93996, 40289, 959, 4, 3, 1, 1, 0, 0]",1,00500
469,"[0, 47339, 16255, 83579, 102424, 106433, 86252, 56223, 12854, 634, 6, 1, 0, 0, 0]",5,00500
470,"[0, 12773, 106410, 84859, 70517, 59891, 60748, 63400, 47204, 6045, 150, 3, 0, 0, 0]",1,00501
471,"[0, 24536, 112433, 76084, 56893, 51682, 59396, 69864, 51353, 9544, 213, 2, 0, 0, 0]",5,00501
472,"[0, 0, 2100, 118647, 113856, 188920, 86509, 1891, 55, 17, 3, 1, 1, 0, 0]",1,00503
473,"[0, 0, 0, 37930, 209090, 223785, 41138, 28, 19, 4, 3, 2, 0, 1, 0]",5,00503
474,"[0, 1085, 85164, 94344, 75122, 80796, 97330, 72722, 5190, 177, 52, 18, 0, 0, 0]",1,00504
475,"[0, 1590, 86352, 94807, 85013, 75471, 81713, 66343, 18299, 2229, 173, 10, 0, 0, 0]",5,00504
476,"[0, 0, 0, 121330, 171381, 137360, 48982, 16955, 7605, 4988, 2582, 735, 76, 6, 0]",1,00505
477,"[0, 0, 979, 147820, 149140, 112489, 49817, 28949, 15098, 5729, 1667, 292, 20, 0, 0]",5,00505
478,"[0, 504, 13983, 133432, 107785, 109893, 134969, 11188, 191, 38, 11, 6, 0, 0, 0]",1,00507
479,"[0, 1, 12521, 133693, 97989, 126967, 134764, 5990, 62, 8, 3, 2, 0, 0, 0]",5,00507
480,"[0, 0, 4197, 91367, 185306, 116031, 99807, 14236, 870, 144, 22, 13, 7, 0, 0]",1,00514
481,"[0, 0, 3800, 71168, 203093, 132574, 89572, 11694, 86, 6, 5, 0, 2, 0, 0]",5,00514
482,"[0, 3289, 117490, 82253, 68307, 72430, 65764, 45293, 47108, 9845, 215, 6, 0, 0, 0]",1,00521
483,"[0, 8505, 129971, 82068, 64615, 54497, 45706, 50303, 51095, 24517, 722, 1, 0, 0, 0]",5,00521
484,"[0, 0, 0, 106305, 202060, 99471, 71963, 22007, 6114, 2699, 1024, 292, 63, 2, 0]",1,00522
485,"[0, 0, 0, 103662, 216745, 90288, 61841, 24705, 8326, 4475, 1417, 486, 53, 2, 0]",5,00522
486,"[0, 1949, 115439, 100702, 64071, 52813, 54479, 70171, 48156, 4032, 182, 6, 0, 0, 0]",1,00526
487,"[0, 11429, 126539, 83677, 58061, 47319, 48773, 73464, 51964, 10616, 156, 2, 0, 0, 0]",5,00526
488,"[0, 0, 669, 163694, 97884, 122527, 98449, 19725, 5026, 2606, 1164, 225, 31, 0, 0]",1,00528
489,"[0, 0, 0, 142456, 141152, 122165, 80649, 12752, 5784, 4531, 2113, 339, 58, 1, 0]",5,00528
490,"[0, 17209, 107612, 90110, 67078, 65764, 49304, 37458, 51069, 24922, 1429, 45, 0, 0, 0]",1,00530
491,"[0, 25325, 106516, 85235, 63488, 64471, 51066, 37072, 45451, 31501, 1872, 3, 0, 0, 0]",5,00530
492,"[0, 0, 61, 74682, 169680, 203720, 62573, 1175, 67, 21, 10, 7, 4, 0, 0]",1,00531
493,"[0, 559, 83177, 111777, 92079, 89632, 48007, 36366, 24207, 19499, 6373, 324, 0, 0, 0]",5,00531
494,"[0, 0, 0, 4043, 288046, 183490, 34863, 1540, 9, 4, 2, 1, 0, 2, 0]",1,00532
495,"[0, 0, 0, 104, 271898, 229756, 10048, 119, 39, 25, 7, 1, 2, 1, 0]",5,00532
496,"[0, 0, 9568, 141744, 113666, 116229, 94030, 34546, 2201, 12, 2, 1, 1, 0, 0]",1,00534
497,"[0, 0, 0, 11728, 274046, 176367, 42356, 7455, 39, 6, 1, 1, 0, 1, 0]",5,00534
498,"[0, 16234, 100950, 82380, 73689, 74436, 61033, 44178, 37052, 19782, 2259, 7, 0, 0, 0]",1,00535
499,"[24, 20702, 96760, 81954, 64893, 72381, 72358, 52329, 34060, 15271, 1268, 0, 0, 0, 0]",5,00535
500,"[0, 2389, 28005, 88786, 108938, 169454, 100382, 14020, 22, 1, 2, 1, 0, 0, 0]",1,00536
501,"[0, 325, 17153, 95185, 135234, 155659, 94246, 14147, 34, 10, 4, 3, 0, 0, 0]",5,00536
502,"[0, 0, 1042, 91615, 155443, 190422, 68110, 5187, 151, 22, 5, 2, 1, 0, 0]",1,00537
503,"[0, 0, 3972, 129025, 122002, 145003, 92241, 18378, 1367, 8, 2, 1, 1, 0, 0]",5,00537
504,"[0, 12006, 99461, 79172, 77617, 70949, 65493, 62857, 39497, 4859, 87, 2, 0, 0, 0]",1,00539
505,"[27, 29466, 100443, 63968, 59191, 66519, 78309, 73917, 35297, 4722, 141, 0, 0, 0, 0]",5,00539
506,"[0, 5617, 31257, 108790, 85104, 142674, 117316, 19553, 1652, 35, 1, 1, 0, 0, 0]",1,00541
507,"[4696, 46339, 76316, 53653, 51309, 70081, 105912, 80297, 21197, 2152, 48, 0, 0, 0, 0]",5,00541
508,"[0, 0, 4728, 111864, 162780, 136975, 58052, 29596, 7859, 143, 2, 0, 1, 0, 0]",1,00542
509,"[0, 7393, 115346, 87816, 66528, 57202, 64273, 59081, 41052, 12313, 984, 12, 0, 0, 0]",5,00542
510,"[0, 0, 3891, 112743, 147063, 149336, 66769, 27910, 4218, 62, 7, 0, 1, 0, 0]",1,00543
511,"[0, 0, 0, 69842, 213030, 161244, 46913, 19013, 1925, 20, 7, 2, 4, 0, 0]",5,00543
512,"[0, 0, 35703, 161716, 76552, 99461, 72135, 33517, 19808, 8223, 3799, 1054, 32, 0, 0]",1,00545
513,"[0, 25667, 131380, 67652, 47900, 43345, 59217, 67135, 45280, 23206, 1217, 1, 0, 0, 0]",5,00545
514,"[0, 0, 23543, 169328, 114954, 80266, 46329, 31067, 23921, 15948, 5916, 714, 14, 0, 0]",1,00553
515,"[0, 959, 57124, 146072, 89628, 67201, 59648, 46577, 30920, 12260, 1572, 39, 0, 0, 0]",5,00553
516,"[0, 0, 0, 42659, 236034, 178746, 43303, 11197, 42, 12, 2, 3, 1, 1, 0]",1,00559
517,"[0, 0, 9586, 102479, 156987, 153268, 51995, 35309, 2350, 15, 6, 4, 1, 0, 0]",5,00559
518,"[0, 15, 87186, 111324, 80560, 88188, 63322, 36871, 22915, 15626, 5843, 150, 0, 0, 0]",1,00562
519,"[0, 0, 9699, 181499, 93983, 79437, 88427, 33152, 14751, 8091, 2653, 305, 3, 0, 0]",5,00562
520,"[0, 0, 9456, 112819, 124608, 152946, 110476, 1628, 49, 11, 6, 0, 1, 0, 0]",1,00563
521,"[0, 9294, 39762, 116581, 81222, 102297, 116895, 38235, 7201, 503, 9, 1, 0, 0, 0]",5,00563
522,"[0, 4, 15436, 142404, 112247, 124621, 64360, 34462, 15255, 2576, 580, 55, 0, 0, 0]",1,00565
523,"[0, 0, 27716, 117534, 125491, 110712, 83412, 37035, 8131, 1524, 383, 62, 0, 0, 0]",5,00565
524,"[0, 2528, 81313, 108740, 79819, 84515, 63196, 56322, 27018, 7906, 636, 7, 0, 0, 0]",1,00576
525,"[0, 1661, 79178, 108356, 76501, 82205, 78448, 61774, 21364, 2387, 118, 8, 0, 0, 0]",5,00576
526,"[0, 0, 14791, 96394, 158403, 130761, 88830, 22569, 235, 7, 3, 6, 1, 0, 0]",1,00580
527,"[0, 0, 8029, 70847, 185543, 152522, 91973, 3039, 29, 13, 2, 1, 2, 0, 0]",5,00580
528,"[0, 3, 8718, 119182, 123884, 146253, 94390, 19446, 116, 5, 2, 1, 0, 0, 0]",1,00586
529,"[0, 22092, 103321, 82367, 69676, 56646, 56130, 57876, 49299, 14330, 260, 3, 0, 0, 0]",2,00586
530,"[0, 235, 104962, 122531, 71578, 57792, 56071, 35941, 25112, 25327, 12114, 337, 0, 0, 0]",1,00588
531,"[0, 0, 21584, 182205, 81915, 79818, 77431, 35974, 18817, 9449, 4249, 543, 15, 0, 0]",5,00588
532,"[0, 2879, 77060, 110437, 82484, 80058, 69503, 57085, 27058, 4945, 485, 6, 0, 0, 0]",1,00590
533,"[1854, 3068, 49395, 118961, 82372, 94601, 99150, 51776, 10060, 739, 24, 0, 0, 0, 0]",5,00590
534,"[0, 36590, 113198, 57956, 50546, 65140, 78859, 40252, 39120, 28498, 1838, 3, 0, 0, 0]",1,00600
535,"[326, 72499, 87820, 51127, 42339, 44854, 65700, 82295, 53497, 11295, 248, 0, 0, 0, 0]",5,00600
536,"[0, 0, 2653, 163823, 120108, 94809, 83043, 38304, 7122, 1478, 501, 151, 8, 0, 0]",1,00603
537,"[0, 8963, 115667, 94255, 55348, 51608, 66712, 65863, 42811, 10553, 215, 5, 0, 0, 0]",5,00603
538,"[106, 39204, 113731, 58243, 56964, 67104, 49132, 46278, 48467, 32016, 755, 0, 0, 0, 0]",1,00605
539,"[9, 20356, 125081, 65958, 50687, 52044, 68090, 77602, 45466, 6607, 100, 0, 0, 0, 0]",5,00605
540,"[0, 967, 94156, 98637, 92861, 77847, 54282, 43251, 29255, 17000, 3698, 46, 0, 0, 0]",1,00607
541,"[0, 4717, 119420, 80005, 58062, 76335, 69184, 55615, 34966, 13194, 499, 3, 0, 0, 0]",5,00607
542,"[0, 0, 75499, 130276, 87211, 80409, 51517, 33517, 26729, 19424, 7058, 354, 6, 0, 0]",1,00608
543,"[0, 0, 17384, 177781, 95591, 74588, 78389, 40971, 16488, 7138, 3199, 467, 4, 0, 0]",5,00608
544,"[0, 2025, 45107, 93874, 109116, 120428, 99995, 37297, 4115, 39, 4, 0, 0, 0, 0]",1,00609
545,"[0, 5, 18773, 104110, 131286, 146601, 83171, 27027, 1004, 16, 5, 2, 0, 0, 0]",5,00609
546,"[0, 13572, 59413, 91243, 84492, 99842, 100789, 49635, 12278, 733, 2, 1, 0, 0, 0]",1,00612
547,"[0, 70, 76855, 121672, 66661, 76297, 91490, 51639, 21390, 5070, 826, 30, 0, 0, 0]",5,00612
548,"[0, 9, 79909, 133104, 89230, 65437, 55358, 33772, 24571, 21365, 8828, 417, 0, 0, 0]",1,00614
549,"[0, 2984, 100877, 95349, 68686, 69952, 73773, 65452, 32040, 2629, 246, 12, 0, 0, 0]",5,00614
550,"[0, 4070, 12151, 131835, 104821, 128069, 97147, 32609, 1267, 25, 5, 1, 0, 0, 0]",1,00616
551,"[0, 2297, 10649, 131748, 113774, 108813, 125419, 19046, 230, 18, 4, 2, 0, 0, 0]",5,00616
552,"[0, 25811, 100437, 80165, 61597, 79468, 57052, 36144, 41919, 28160, 1241, 6, 0, 0, 0]",1,00619
553,"[2034, 68348, 78954, 59410, 50269, 47860, 68589, 64864, 54331, 17171, 170, 0, 0, 0, 0]",5,00619
554,"[0, 20251, 26279, 133334, 82711, 75724, 97302, 70122, 6223, 52, 1, 1, 0, 0, 0]",1,00621
555,"[0, 22587, 41777, 116927, 82362, 71206, 86805, 69695, 19702, 918, 21, 0, 0, 0, 0]",5,00621
556,"[0, 0, 1182, 93356, 179751, 157605, 61951, 12731, 3998, 1074, 276, 72, 4, 0, 0]",1,00624
557,"[0, 0, 5698, 151170, 120835, 103043, 83114, 41647, 5820, 524, 123, 20, 6, 0, 0]",5,00624
558,"[3862, 81688, 66832, 43902, 45074, 54516, 75257, 82190, 52519, 6115, 45, 0, 0, 0, 0]",1,00627
559,"[127, 39539, 98845, 55748, 55969, 64307, 69941, 85607, 38730, 3138, 49, 0, 0, 0, 0]",5,00627
560,"[0, 0, 0, 123212, 157914, 117791, 91575, 18142, 2786, 425, 134, 18, 2, 1, 0]",1,00628
561,"[0, 0, 0, 59634, 221225, 169924, 45720, 9167, 3089, 2125, 826, 225, 62, 3, 0]",5,00628
562,"[0, 13355, 104307, 99053, 68641, 56647, 55870, 49639, 37556, 25269, 1651, 12, 0, 0, 0]",1,00629
563,"[0, 0, 1624, 107137, 155496, 152483, 75479, 19337, 424, 12, 7, 0, 1, 0, 0]",2,00629
564,"[0, 0, 0, 42029, 236565, 174266, 46389, 12236, 506, 5, 0, 0, 2, 2, 0]",1,00632
565,"[0, 0, 175, 158772, 110125, 124072, 82700, 31247, 4108, 567, 177, 49, 8, 0, 0]",5,00632
566,"[502, 56949, 88610, 61372, 52496, 49472, 67563, 67846, 60121, 7033, 36, 0, 0, 0, 0]",1,00639
567,"[519, 56754, 90449, 59949, 57504, 53374, 58968, 57536, 60194, 16647, 106, 0, 0, 0, 0]",2,00639
568,"[0, 14644, 98381, 86712, 66412, 65962, 71687, 62872, 41395, 3884, 50, 1, 0, 0, 0]",1,00643
569,"[0, 1994, 89432, 104010, 73545, 65729, 78479, 74677, 23572, 541, 19, 2, 0, 0, 0]",5,00643
570,"[0, 0, 48242, 106654, 89598, 141597, 70610, 49150, 5785, 354, 7, 2, 1, 0, 0]",1,00645
571,"[0, 0, 24906, 141175, 119773, 103352, 65741, 27454, 15530, 8283, 4337, 1407, 42, 0, 0]",5,00645
572,"[0, 0, 0, 119606, 173355, 100351, 96832, 17157, 3300, 902, 375, 97, 22, 3, 0]",1,00646
573,"[0, 0, 16270, 167208, 105958, 81981, 69120, 49411, 15978, 4293, 1265, 481, 35, 0, 0]",5,00646
574,"[0, 0, 11981, 146945, 101770, 114218, 98598, 36122, 2108, 198, 49, 9, 2, 0, 0]",1,00651
575,"[0, 0, 2090, 90361, 167399, 159908, 86573, 4149, 1040, 389, 81, 9, 1, 0, 0]",5,00651
576,"[0, 0, 4795, 115354, 168294, 98383, 92868, 31230, 1042, 22, 9, 2, 1, 0, 0]",1,00653
577,"[0, 610, 33779, 144609, 103610, 78467, 81249, 55688, 13615, 361, 11, 1, 0, 0, 0]",5,00653
578,"[0, 3745, 20940, 127484, 97659, 115279, 118688, 27248, 771, 147, 35, 4, 0, 0, 0]",1,00660
579,"[0, 583, 12127, 118871, 120030, 131528, 115812, 12716, 282, 45, 3, 3, 0, 0, 0]",5,00660
580,"[3358, 83946, 64848, 46791, 45005, 48651, 68891, 96452, 50977, 3068, 13, 0, 0, 0, 0]",1,00662
581,"[539, 54406, 92198, 57232, 50851, 56688, 69690, 69174, 48825, 12260, 137, 0, 0, 0, 0]",4,00662
582,"[0, 0, 41, 173227, 133712, 111528, 36520, 18943, 15668, 12289, 7516, 2354, 202, 0, 0]",1,00663
583,"[0, 1757, 114638, 106430, 63575, 56776, 68586, 39821, 26645, 27168, 6549, 55, 0, 0, 0]",5,00663
584,"[0, 6453, 127173, 90005, 73077, 49376, 46873, 41360, 41059, 33094, 3493, 37, 0, 0, 0]",1,00664
585,"[0, 0, 1273, 168226, 129126, 78787, 83039, 39561, 8897, 2278, 635, 162, 16, 0, 0]",5,00664
586,"[0, 5558, 99447, 109272, 72777, 68865, 51838, 41306, 35488, 23170, 4253, 26, 0, 0, 0]",1,00665
587,"[0, 11293, 93396, 107049, 72597, 66134, 54554, 44529, 40092, 19459, 2841, 56, 0, 0, 0]",5,00665
588,"[0, 0, 0, 128529, 145806, 139136, 72846, 17584, 5314, 2039, 628, 104, 13, 1, 0]",1,00666
589,"[310, 48873, 92049, 64808, 53491, 62282, 67101, 56503, 47414, 18740, 429, 0, 0, 0, 0]",5,00666
590,"[0, 0, 8683, 92787, 142663, 174644, 91326, 1782, 85, 20, 6, 2, 2, 0, 0]",1,00667
591,"[0, 110, 19457, 109763, 114194, 150332, 101874, 16104, 146, 16, 2, 2, 0, 0, 0]",5,00667
592,"[0, 0, 2266, 169958, 116475, 84106, 91304, 34468, 9220, 3610, 562, 28, 3, 0, 0]",1,00668
593,"[0, 0, 567, 152163, 135958, 107275, 76260, 24919, 8540, 4386, 1576, 319, 37, 0, 0]",5,00668
594,"[0, 28375, 104960, 69135, 57024, 64134, 80399, 53186, 35728, 18414, 644, 1, 0, 0, 0]",1,00672
595,"[0, 113, 78398, 117363, 73894, 96209, 69385, 37794, 22082, 12899, 3769, 94, 0, 0, 0]",5,00672
596,"[0, 90, 18600, 122399, 105323, 138307, 101023, 25766, 468, 15, 4, 5, 0, 0, 0]",1,00674
597,"[0, 8807, 118169, 80923, 62833, 58237, 62817, 72752, 41869, 5442, 145, 6, 0, 0, 0]",5,00674
598,"[0, 1549, 90529, 113147, 75320, 67192, 69412, 48573, 27589, 15182, 3379, 128, 0, 0, 0]",1,00675
599,"[0, 789, 77130, 124197, 81268, 76493, 65134, 44250, 22828, 14262, 5416, 233, 0, 0, 0]",5,00675
600,"[0, 24594, 116687, 68992, 57493, 57033, 66695, 49498, 57952, 12794, 260, 2, 0, 0, 0]",1,00677
601,"[0, 18983, 125595, 73131, 56480, 52711, 48467, 69476, 51402, 15507, 245, 3, 0, 0, 0]",5,00677
602,"[0, 5494, 122657, 84803, 63936, 63639, 57937, 50673, 46843, 15454, 555, 9, 0, 0, 0]",1,00679
603,"[0, 4654, 114113, 95909, 65614, 59140, 58445, 52020, 51940, 9957, 205, 3, 0, 0, 0]",5,00679
604,"[0, 17814, 109600, 75213, 57888, 64793, 67395, 76588, 34770, 7831, 106, 2, 0, 0, 0]",1,00680
605,"[0, 6533, 97334, 92215, 65216, 69321, 84579, 66396, 26133, 4159, 111, 3, 0, 0, 0]",5,00680
606,"[161, 49791, 111809, 52055, 45258, 43777, 66665, 75167, 56762, 10518, 37, 0, 0, 0, 0]",1,00681
607,"[0, 19753, 113860, 85512, 56953, 48131, 52901, 72492, 56154, 6098, 143, 3, 0, 0, 0]",5,00681
608,"[0, 5049, 49810, 101366, 100715, 99438, 97914, 50885, 6647, 156, 17, 3, 0, 0, 0]",1,00683
609,"[8, 26945, 50400, 86040, 72528, 100571, 110703, 55976, 8407, 418, 4, 0, 0, 0, 0]",5,00683
610,"[0, 2820, 21703, 113188, 117933, 128923, 87881, 38607, 931, 9, 4, 1, 0, 0, 0]",1,00684
611,"[0, 11393, 114488, 97720, 62750, 56557, 51024, 47035, 40561, 27673, 2795, 4, 0, 0, 0]",5,00684
612,"[61, 29624, 77936, 67159, 71919, 86484, 92409, 50289, 34123, 1994, 2, 0, 0, 0, 0]",1,00687
613,"[0, 2593, 88181, 92372, 91412, 100278, 54571, 32265, 27958, 17708, 4628, 34, 0, 0, 0]",5,00687
614,"[0, 9614, 131997, 84949, 48318, 45386, 60801, 77338, 38651, 13477, 1445, 24, 0, 0, 0]",1,00691
615,"[0, 1706, 131183, 95610, 54774, 50720, 57478, 64585, 35026, 16417, 4448, 53, 0, 0, 0]",5,00691
616,"[0, 31486, 106126, 64202, 57737, 54577, 67406, 84915, 41955, 3506, 89, 1, 0, 0, 0]",1,00692
617,"[0, 13848, 112057, 72845, 62421, 67164, 71451, 68000, 41024, 3128, 59, 3, 0, 0, 0]",5,00692
618,"[0, 5716, 65371, 103712, 84474, 91126, 88989, 52922, 18486, 1195, 8, 1, 0, 0, 0]",1,00693
619,"[0, 14613, 116766, 67113, 63479, 71218, 63008, 59654, 50025, 6054, 69, 1, 0, 0, 0]",5,00693
620,"[0, 2767, 20169, 130042, 98962, 105074, 137931, 16740, 288, 23, 1, 3, 0, 0, 0]",1,00694
621,"[0, 0, 9111, 121890, 138420, 107289, 118721, 16520, 41, 4, 2, 2, 0, 0, 0]",5,00694
622,"[0, 664, 43523, 135356, 85740, 95145, 85470, 46564, 16592, 2834, 110, 2, 0, 0, 0]",1,00695
623,"[0, 0, 5487, 144686, 112989, 122600, 93546, 28365, 4263, 56, 5, 3, 0, 0, 0]",5,00695
624,"[3355, 5977, 72180, 86361, 65248, 100361, 123567, 51017, 3887, 44, 3, 0, 0, 0, 0]",1,00698
625,"[0, 9025, 44373, 109196, 69969, 94642, 164195, 20278, 306, 12, 3, 1, 0, 0, 0]",5,00698
626,"[25, 29766, 105013, 65409, 54536, 72179, 74406, 51192, 49536, 9832, 106, 0, 0, 0, 0]",1,00700
627,"[0, 129, 85185, 107208, 73058, 96864, 70009, 42180, 23202, 11226, 2886, 53, 0, 0, 0]",5,00700
628,"[0, 0, 0, 39697, 237118, 147553, 86238, 1149, 191, 38, 6, 5, 4, 1, 0]",1,00702
629,"[0, 0, 0, 33865, 247794, 148894, 78326, 2217, 510, 235, 104, 34, 20, 1, 0]",5,00702
630,"[0, 9964, 117145, 81811, 55650, 56992, 72972, 71386, 42568, 3401, 105, 6, 0, 0, 0]",1,00704
631,"[37, 26862, 108755, 71299, 50900, 66790, 71237, 58659, 45790, 11273, 398, 0, 0, 0, 0]",5,00704
632,"[15, 40872, 118904, 59546, 50097, 42823, 62507, 63901, 50168, 22326, 841, 0, 0, 0, 0]",1,00705
633,"[0, 9366, 130391, 75013, 56780, 55351, 69470, 60764, 32445, 19942, 2464, 14, 0, 0, 0]",5,00705
634,"[0, 22483, 26404, 104855, 89648, 108677, 112149, 44720, 2955, 100, 7, 2, 0, 0, 0]",1,00706
635,"[1778, 31929, 32811, 91558, 79093, 98327, 112258, 57093, 7015, 134, 4, 0, 0, 0, 0]",5,00706
636,"[0, 0, 53, 125109, 147270, 142259, 80054, 10451, 4249, 1773, 594, 154, 34, 0, 0]",1,00707
637,"[0, 0, 2070, 140495, 114823, 140120, 91552, 16846, 3524, 1383, 956, 214, 17, 0, 0]",5,00707
638,"[0, 0, 5071, 151153, 118898, 112322, 90115, 23203, 6599, 3149, 1271, 214, 5, 0, 0]",1,00708
639,"[0, 0, 539, 147095, 114479, 144349, 77031, 18827, 5495, 2176, 1279, 628, 102, 0, 0]",5,00708
640,"[0, 1145, 17814, 152265, 90236, 101996, 100144, 46996, 1397, 4, 1, 2, 0, 0, 0]",1,00710
641,"[20, 2350, 38021, 132359, 84961, 90630, 108168, 48326, 6862, 300, 3, 0, 0, 0, 0]",5,00710
642,"[1909, 80913, 78738, 54458, 42947, 40120, 61075, 70769, 67098, 13883, 90, 0, 0, 0, 0]",1,00711
643,"[0, 13568, 35058, 104237, 93482, 106806, 112853, 44843, 1050, 96, 6, 1, 0, 0, 0]",5,00711
644,"[0, 4689, 118715, 101083, 69562, 59499, 45828, 38696, 35529, 32418, 5943, 38, 0, 0, 0]",1,00712
645,"[0, 11952, 130828, 85022, 67724, 51592, 39293, 37888, 44583, 39102, 4011, 5, 0, 0, 0]",5,00712
646,"[0, 0, 26153, 105504, 139665, 123992, 71335, 35730, 9429, 184, 5, 2, 1, 0, 0]",1,00719
647,"[39, 27431, 121044, 69841, 54582, 47367, 57290, 68324, 44378, 20192, 1512, 0, 0, 0, 0]",5,00719
648,"[0, 16323, 130258, 76607, 57131, 48009, 47578, 57704, 64037, 14161, 189, 3, 0, 0, 0]",1,00723
649,"[0, 2761, 111142, 95137, 63936, 64913, 65431, 58109, 45030, 5340, 185, 16, 0, 0, 0]",5,00723
650,"[0, 11350, 117802, 82383, 63034, 76092, 59483, 29533, 32147, 35787, 4368, 21, 0, 0, 0]",1,00724
651,"[0, 15225, 117670, 79021, 58863, 61623, 72256, 39927, 42175, 24837, 401, 2, 0, 0, 0]",2,00724
652,"[0, 1626, 104927, 94005, 74193, 83247, 51199, 47008, 43979, 10520, 1261, 35, 0, 0, 0]",1,00727
653,"[0, 36, 102442, 101180, 88646, 88764, 35494, 29274, 30542, 27017, 8435, 170, 0, 0, 0]",5,00727
654,"[0, 0, 0, 47175, 240313, 133995, 87462, 3003, 41, 5, 3, 2, 1, 0, 0]",1,00728
655,"[0, 1436, 100174, 132833, 67263, 53629, 38384, 40832, 52397, 21818, 3183, 51, 0, 0, 0]",5,00728
656,"[0, 0, 963, 110226, 137246, 173085, 87200, 3178, 87, 12, 1, 1, 1, 0, 0]",1,00730
657,"[0, 0, 3270, 114790, 123368, 175497, 91960, 2917, 171, 21, 3, 2, 1, 0, 0]",11,00730
658,"[0, 0, 0, 28574, 256975, 167991, 49803, 8549, 87, 10, 5, 4, 1, 1, 0]",1,00733
659,"[0, 0, 14098, 136803, 131903, 109522, 65919, 40984, 11894, 865, 10, 2, 0, 0, 0]",5,00733
660,"[0, 2260, 83551, 122679, 68555, 63611, 70616, 59328, 38976, 2367, 54, 3, 0, 0, 0]",1,00734
661,"[0, 2778, 114407, 101505, 66089, 65922, 65616, 32351, 26345, 27291, 9622, 74, 0, 0, 0]",5,00734
662,"[0, 26535, 136539, 65219, 46325, 43394, 46394, 67246, 61915, 18007, 424, 2, 0, 0, 0]",1,00737
663,"[0, 2467, 126597, 101691, 60261, 47711, 43981, 58575, 53451, 16113, 1143, 10, 0, 0, 0]",5,00737
664,"[0, 6687, 137426, 76325, 58685, 55890, 57508, 51242, 42929, 23594, 1701, 13, 0, 0, 0]",1,00741
665,"[0, 11147, 135675, 81198, 54088, 48775, 49779, 58354, 47701, 23015, 2258, 10, 0, 0, 0]",5,00741
666,"[0, 8624, 113122, 82553, 81914, 61378, 56997, 37916, 42274, 25013, 2192, 17, 0, 0, 0]",1,00742
667,"[0, 5343, 100304, 86983, 72206, 74598, 79249, 60484, 25428, 6541, 842, 22, 0, 0, 0]",2,00742
668,"[0, 1, 14753, 112651, 112795, 156413, 108134, 7191, 43, 16, 1, 2, 0, 0, 0]",1,00745
669,"[0, 5635, 16924, 122935, 96614, 133371, 116093, 20028, 385, 14, 0, 1, 0, 0, 0]",5,00745
670,"[271, 44217, 122174, 57652, 48119, 40376, 51388, 55575, 74466, 17504, 258, 0, 0, 0, 0]",1,00748
671,"[392, 49494, 117246, 57768, 50707, 38368, 41082, 67631, 69032, 19934, 346, 0, 0, 0, 0]",5,00748
672,"[0, 0, 6622, 106779, 172645, 130797, 57247, 25787, 9290, 2274, 496, 54, 9, 0, 0]",1,00750
673,"[0, 2, 13225, 111419, 115553, 183378, 63303, 18159, 5175, 1403, 367, 16, 0, 0, 0]",5,00750
674,"[0, 0, 0, 15051, 266028, 186584, 42885, 1413, 28, 6, 2, 1, 0, 2, 0]",1,00752
675,"[0, 0, 5454, 179252, 108479, 80038, 70314, 49441, 15787, 2340, 731, 157, 7, 0, 0]",2,00752
676,"[0, 0, 8937, 158232, 105598, 97375, 97357, 35693, 7017, 1328, 376, 82, 5, 0, 0]",1,00753
677,"[0, 0, 22086, 145362, 105172, 108489, 79139, 31984, 12820, 5499, 1374, 74, 1, 0, 0]",5,00753
678,"[0, 458, 82094, 131368, 77654, 64496, 61394, 42751, 30231, 17416, 3982, 156, 0, 0, 0]",1,00754
679,"[0, 2072, 90275, 121108, 68472, 67036, 61947, 50639, 36943, 12332, 1161, 15, 0, 0, 0]",5,00754
680,"[0, 11070, 124481, 75326, 63324, 53448, 52779, 76532, 48291, 6625, 123, 1, 0, 0, 0]",1,00756
681,"[0, 3878, 114870, 93227, 67877, 58509, 54884, 66817, 41024, 10171, 736, 7, 0, 0, 0]",5,00756
682,"[0, 6668, 40019, 105228, 79147, 130143, 119761, 30574, 446, 10, 3, 1, 0, 0, 0]",1,00761
683,"[0, 68, 16923, 112363, 106605, 159601, 106747, 9609, 71, 8, 2, 3, 0, 0, 0]",5,00761
684,"[0, 0, 23784, 148500, 90190, 95051, 116054, 26498, 8371, 2770, 656, 120, 6, 0, 0]",1,00762
685,"[0, 0, 47004, 137455, 79522, 79982, 108452, 49548, 7862, 1750, 352, 69, 4, 0, 0]",5,00762
686,"[0, 0, 85, 79752, 199030, 157962, 51650, 19528, 3934, 50, 3, 3, 3, 0, 0]",1,00763
687,"[0, 22220, 110885, 70744, 59270, 65770, 63428, 66045, 45057, 8238, 340, 3, 0, 0, 0]",5,00763
688,"[0, 10080, 36224, 96868, 101914, 116998, 112652, 32672, 4225, 317, 45, 5, 0, 0, 0]",1,00764
689,"[0, 3132, 84206, 109889, 67718, 80866, 82178, 49410, 24328, 9639, 626, 8, 0, 0, 0]",5,00764
690,"[0, 0, 154, 74803, 194708, 153742, 85778, 2765, 32, 11, 5, 1, 1, 0, 0]",1,00765
691,"[0, 0, 1638, 113256, 139023, 155401, 98483, 4078, 73, 31, 12, 4, 1, 0, 0]",5,00765
692,"[0, 0, 82575, 117000, 85595, 77609, 70074, 32398, 25040, 17107, 4523, 78, 1, 0, 0]",1,00766
693,"[0, 409, 85682, 115113, 75089, 66847, 70736, 64472, 30769, 2616, 248, 19, 0, 0, 0]",5,00766
694,"[0, 0, 84993, 121533, 76118, 95661, 53837, 27841, 22518, 17478, 10894, 1123, 4, 0, 0]",1,00767
695,"[0, 9634, 112955, 89101, 57652, 49056, 69524, 87515, 34357, 2169, 36, 1, 0, 0, 0]",5,00767
696,"[0, 0, 3996, 117685, 128917, 168830, 73996, 13049, 4046, 1086, 289, 89, 17, 0, 0]",1,00768
697,"[0, 0, 4054, 198189, 89652, 65613, 71757, 69217, 12092, 1336, 68, 16, 6, 0, 0]",5,00768
698,"[0, 16294, 126545, 71872, 54856, 61420, 65346, 47814, 46191, 20849, 812, 1, 0, 0, 0]",1,00769
699,"[0, 0, 65171, 123854, 70555, 81311, 93455, 66130, 11306, 187, 27, 3, 1, 0, 0]",5,00769
700,"[0, 6218, 35897, 88751, 112004, 140152, 92800, 34128, 2035, 11, 3, 1, 0, 0, 0]",1,00770
701,"[0, 26107, 84200, 68971, 65705, 78124, 92270, 77521, 18095, 950, 56, 1, 0, 0, 0]",5,00770
702,"[1406, 6795, 92855, 85665, 71938, 75462, 84037, 70061, 22710, 1063, 8, 0, 0, 0, 0]",1,00771
703,"[1019, 8312, 87096, 88689, 70262, 76888, 93016, 65568, 19826, 1301, 23, 0, 0, 0, 0]",5,00771
704,"[0, 0, 15929, 115613, 119819, 160663, 77185, 15076, 4625, 2129, 782, 177, 2, 0, 0]",1,00774
705,"[0, 0, 0, 128966, 157016, 146377, 45395, 15374, 9296, 6303, 2602, 590, 80, 1, 0]",5,00774
706,"[0, 0, 74615, 127674, 81648, 91415, 66874, 24987, 16718, 14069, 11631, 2363, 6, 0, 0]",1,00776
707,"[475, 51102, 105248, 62992, 46846, 43548, 60942, 67158, 52156, 21144, 389, 0, 0, 0, 0]",5,00776
708,"[0, 11497, 143856, 77730, 47710, 44054, 51732, 65894, 41277, 23701, 4528, 21, 0, 0, 0]",1,00779
709,"[0, 3382, 123779, 97800, 56074, 55637, 67153, 46425, 37898, 20869, 2962, 21, 0, 0, 0]",5,00779
710,"[380, 42553, 108477, 61478, 53087, 46611, 48355, 86620, 59398, 4877, 164, 0, 0, 0, 0]",1,00782
711,"[0, 36287, 113671, 64810, 54167, 48046, 59063, 68586, 50658, 16431, 280, 1, 0, 0, 0]",5,00782
712,"[0, 2823, 79128, 148086, 71959, 52981, 39465, 50703, 49155, 17087, 604, 9, 0, 0, 0]",1,00787
713,"[22, 17260, 117984, 70652, 68025, 60704, 52946, 57105, 54544, 12522, 236, 0, 0, 0, 0]",5,00787
714,"[0, 0, 8196, 126950, 114199, 152873, 90237, 13583, 4200, 1345, 371, 46, 0, 0, 0]",1,00789
715,"[0, 0, 9532, 126739, 121923, 146248, 82411, 16420, 5505, 2403, 740, 79, 0, 0, 0]",5,00789
716,"[0, 6622, 111677, 79423, 70921, 79999, 72323, 33630, 31087, 24966, 1344, 8, 0, 0, 0]",1,00790
717,"[0, 13613, 112158, 73964, 72310, 76523, 71869, 31425, 24336, 29671, 6104, 27, 0, 0, 0]",5,00790
718,"[0, 4230, 24344, 118367, 96259, 123913, 122413, 21774, 650, 41, 5, 4, 0, 0, 0]",1,00798
719,"[0, 6442, 26096, 117502, 95689, 125728, 103269, 33217, 3915, 124, 13, 5, 0, 0, 0]",5,00798
720,"[0, 0, 0, 141481, 162189, 100777, 61279, 30187, 12779, 2704, 500, 90, 13, 1, 0]",1,00801
721,"[0, 0, 0, 112664, 190096, 107158, 67436, 25637, 6838, 1630, 409, 103, 28, 1, 0]",5,00801
722,"[7, 12410, 136115, 65588, 68644, 51000, 39408, 62719, 58710, 16960, 439, 0, 0, 0, 0]",1,00802
723,"[0, 2474, 126687, 89835, 67940, 50217, 47992, 65942, 46812, 13540, 559, 2, 0, 0, 0]",5,00802
724,"[0, 831, 119704, 82682, 66625, 67733, 80465, 48046, 27520, 15215, 3134, 45, 0, 0, 0]",1,00805
725,"[0, 2709, 28822, 122613, 128001, 110488, 63207, 28411, 16525, 8519, 2581, 124, 0, 0, 0]",5,00805
726,"[10331, 9484, 42019, 108795, 86363, 82921, 94082, 65570, 12104, 324, 7, 0, 0, 0, 0]",1,00808
727,"[0, 0, 1666, 157383, 111724, 138856, 57237, 24155, 13542, 6545, 844, 36, 12, 0, 0]",5,00808
728,"[0, 4071, 94851, 98907, 67971, 68252, 77248, 74023, 22979, 3648, 48, 2, 0, 0, 0]",1,00817
729,"[0, 3854, 87753, 107860, 72591, 76464, 60335, 68661, 27424, 6771, 285, 2, 0, 0, 0]",5,00817
730,"[0, 15097, 125625, 66753, 55765, 56581, 95266, 37711, 30971, 24884, 3337, 10, 0, 0, 0]",1,00818
731,"[337, 43749, 107747, 61604, 51495, 49423, 61026, 71022, 45688, 19411, 498, 0, 0, 0, 0]",5,00818
732,"[0, 110, 20618, 118150, 120158, 128605, 93206, 24163, 5282, 1452, 245, 11, 0, 0, 0]",1,00819
733,"[0, 1, 22714, 123518, 124511, 124996, 68760, 32254, 10095, 4003, 1039, 109, 0, 0, 0]",5,00819
734,"[0, 63, 21890, 109205, 114345, 138403, 114653, 12948, 394, 94, 3, 2, 0, 0, 0]",1,00825
735,"[0, 732, 20947, 112054, 110993, 139035, 108622, 19202, 389, 18, 5, 3, 0, 0, 0]",5,00825
736,"[0, 5316, 99834, 109564, 64826, 57110, 68622, 55917, 36998, 12090, 1673, 50, 0, 0, 0]",1,00828
737,"[0, 0, 0, 118063, 167076, 121865, 83659, 14907, 4468, 1340, 432, 140, 47, 3, 0]",5,00828
738,"[0, 6977, 138009, 93833, 56526, 45608, 38376, 37355, 70238, 24071, 1005, 2, 0, 0, 0]",1,00831
739,"[0, 1130, 102076, 132762, 65812, 50270, 42578, 42552, 49890, 23584, 1339, 7, 0, 0, 0]",5,00831
740,"[0, 0, 21347, 137823, 118494, 104645, 77883, 37550, 12310, 1637, 236, 72, 3, 0, 0]",1,00833
741,"[0, 4280, 56281, 119323, 92228, 85124, 73793, 57572, 20703, 2509, 174, 13, 0, 0, 0]",6,00833
742,"[0, 4614, 107481, 88568, 72008, 66705, 68905, 58577, 35662, 8675, 798, 7, 0, 0, 0]",1,00840
743,"[0, 0, 16632, 194302, 96826, 61353, 54018, 42672, 33366, 11797, 1012, 22, 0, 0, 0]",5,00840
744,"[0, 7861, 27153, 129171, 103292, 94536, 92438, 43072, 12420, 1959, 98, 0, 0, 0, 0]",1,00841
745,"[0, 2887, 12023, 133409, 119289, 112307, 94380, 31837, 5635, 229, 3, 1, 0, 0, 0]",5,00841
746,"[0, 10309, 26861, 135510, 88301, 99655, 88602, 52298, 10234, 219, 10, 1, 0, 0, 0]",1,00844
747,"[297, 7176, 45329, 128447, 80722, 85916, 89554, 60695, 13425, 437, 2, 0, 0, 0, 0]",5,00844
748,"[0, 0, 175, 61290, 181937, 221235, 45720, 1614, 12, 10, 3, 2, 2, 0, 0]",1,00845
749,"[0, 0, 6243, 80156, 160869, 186559, 76983, 1151, 22, 9, 3, 2, 3, 0, 0]",5,00845
750,"[0, 296, 63003, 104904, 102138, 118736, 59720, 27550, 18671, 14634, 2335, 13, 0, 0, 0]",1,00846
751,"[11, 32313, 130938, 57418, 45870, 45785, 49205, 84313, 49523, 15981, 643, 0, 0, 0, 0]",5,00846
752,"[0, 7607, 136603, 70428, 59131, 64232, 58043, 46751, 39199, 29606, 383, 17, 0, 0, 0]",1,00847
753,"[0, 5179, 135447, 76541, 57516, 67579, 64328, 40838, 30419, 26027, 7986, 140, 0, 0, 0]",5,00847
754,"[227, 49740, 113601, 54025, 50469, 43597, 48247, 68712, 75586, 7745, 51, 0, 0, 0, 0]",1,00850
755,"[0, 21233, 129947, 67424, 54818, 50272, 53004, 61057, 60845, 13249, 150, 1, 0, 0, 0]",5,00850
756,"[0, 1272, 119370, 107590, 71025, 53330, 48894, 36191, 36585, 34479, 3245, 19, 0, 0, 0]",1,00851
757,"[0, 0, 51671, 165072, 78125, 70393, 58386, 36485, 28874, 18648, 4266, 78, 2, 0, 0]",5,00851
758,"[0, 1124, 17562, 145003, 94266, 103319, 115040, 34062, 1609, 11, 3, 1, 0, 0, 0]",1,00852
759,"[1259, 3700, 61126, 114572, 79122, 82866, 97567, 58705, 12171, 895, 17, 0, 0, 0, 0]",5,00852
760,"[0, 17523, 124725, 77799, 55476, 66094, 50242, 37043, 48265, 33110, 1701, 22, 0, 0, 0]",1,00854
761,"[0, 15805, 118324, 83045, 60315, 64765, 50764, 44246, 47936, 25087, 1705, 8, 0, 0, 0]",5,00854
762,"[0, 2, 15197, 118734, 129459, 137754, 71157, 34990, 4682, 19, 5, 1, 0, 0, 0]",1,00856
763,"[0, 0, 911, 106996, 162980, 146883, 72213, 20987, 1019, 6, 2, 2, 1, 0, 0]",5,00856
764,"[0, 8741, 12959, 113377, 115717, 126311, 108870, 25887, 122, 9, 4, 3, 0, 0, 0]",1,00857
765,"[0, 0, 11130, 77570, 166938, 161087, 91940, 3292, 30, 7, 3, 2, 1, 0, 0]",5,00857
766,"[160, 56282, 102217, 58002, 49435, 47436, 63562, 55673, 51233, 27566, 434, 0, 0, 0, 0]",1,00858
767,"[0, 4378, 124984, 83609, 60646, 64547, 71423, 46491, 30064, 19644, 6143, 71, 0, 0, 0]",5,00858
768,"[0, 7409, 100639, 79520, 74631, 80451, 68541, 63593, 34311, 2811, 93, 1, 0, 0, 0]",1,00864
769,"[59, 18853, 102373, 71704, 64324, 66039, 75236, 77153, 33796, 2400, 63, 0, 0, 0, 0]",5,00864
770,"[0, 8984, 86268, 91467, 81481, 85084, 67208, 49069, 33498, 8722, 213, 6, 0, 0, 0]",1,00866
771,"[0, 0, 67199, 113968, 105072, 88991, 61673, 34536, 22492, 13662, 4125, 280, 2, 0, 0]",5,00866
772,"[4, 7680, 43784, 103954, 88419, 108381, 118118, 38865, 2539, 206, 50, 0, 0, 0, 0]",1,00868
773,"[0, 2738, 22844, 107842, 121394, 121881, 108629, 26131, 526, 13, 1, 1, 0, 0, 0]",5,00868
774,"[365, 41414, 92791, 67794, 60057, 50967, 62010, 85962, 47288, 3310, 42, 0, 0, 0, 0]",1,00870
775,"[545, 50386, 100171, 61084, 50035, 53238, 58683, 66301, 56031, 15330, 196, 0, 0, 0, 0]",5,00870
776,"[0, 0, 8972, 130396, 133032, 120536, 81458, 32553, 4981, 43, 21, 7, 1, 0, 0]",1,00871
777,"[0, 9873, 122621, 83200, 61223, 58575, 62970, 50509, 38810, 23196, 1021, 2, 0, 0, 0]",5,00871
778,"[0, 894, 70452, 98836, 85030, 86126, 106133, 59357, 4691, 414, 60, 7, 0, 0, 0]",1,00873
779,"[0, 557, 59852, 106213, 88226, 90795, 113961, 46978, 4749, 631, 34, 4, 0, 0, 0]",5,00873
780,"[0, 1751, 118184, 104144, 61794, 54179, 56783, 59082, 35098, 18495, 2462, 28, 0, 0, 0]",1,00876
781,"[0, 0, 20872, 191609, 90443, 69672, 54155, 38723, 31847, 13283, 1314, 81, 1, 0, 0]",5,00876
782,"[0, 0, 23008, 149188, 91502, 108728, 83063, 44933, 9793, 1660, 104, 20, 1, 0, 0]",1,00878
783,"[0, 6614, 112985, 78541, 64157, 76324, 81880, 41550, 31841, 16468, 1626, 14, 0, 0, 0]",5,00878
784,"[0, 925, 103813, 102647, 75577, 67560, 57686, 54081, 33830, 14282, 1556, 43, 0, 0, 0]",1,00880
785,"[0, 0, 26578, 191628, 92155, 61668, 50019, 38266, 29965, 18118, 3428, 174, 1, 0, 0]",5,00880
786,"[0, 0, 10008, 185435, 113133, 70860, 55701, 40943, 24847, 8804, 2106, 162, 1, 0, 0]",1,00891
787,"[0, 8102, 31333, 107000, 109024, 113682, 100304, 36843, 4964, 683, 62, 3, 0, 0, 0]",5,00891
788,"[0, 0, 0, 0, 304815, 179785, 27271, 67, 37, 9, 8, 4, 3, 0, 1]",1,00892
789,"[163, 3571, 54449, 123020, 85219, 81982, 87072, 63604, 12327, 575, 18, 0, 0, 0, 0]",5,00892
790,"[0, 5723, 25303, 107211, 105824, 144603, 83836, 37996, 1469, 32, 2, 1, 0, 0, 0]",1,00895
791,"[0, 24286, 107518, 70886, 51483, 57828, 85174, 74434, 37728, 2636, 25, 2, 0, 0, 0]",5,00895
792,"[0, 3502, 19675, 137632, 88381, 98759, 140330, 23475, 219, 16, 8, 3, 0, 0, 0]",1,00899
793,"[0, 13, 6544, 140293, 99732, 131047, 126207, 8106, 41, 9, 6, 2, 0, 0, 0]",5,00899
794,"[646, 12258, 28018, 113771, 97840, 98203, 112270, 47384, 1591, 15, 4, 0, 0, 0, 0]",1,00906
795,"[0, 17875, 24693, 110628, 104450, 96291, 104927, 47281, 5809, 39, 7, 0, 0, 0, 0]",5,00906
796,"[0, 0, 0, 11925, 222135, 275091, 2741, 71, 22, 3, 4, 5, 1, 2, 0]",1,00908
797,"[0, 963, 19673, 104227, 122620, 151078, 87827, 23857, 1676, 74, 4, 1, 0, 0, 0]",5,00908
798,"[0, 0, 55131, 141018, 121775, 75481, 35114, 25697, 23378, 19970, 11966, 2459, 11, 0, 0]",1,00910
799,"[0, 3841, 117258, 93705, 54132, 60331, 65561, 68846, 44369, 3842, 110, 5, 0, 0, 0]",5,00910
800,"[0, 0, 17511, 99974, 134711, 150791, 86401, 18919, 2956, 646, 83, 7, 1, 0, 0]",1,00911
801,"[0, 233, 19453, 105144, 128831, 147152, 82266, 24345, 3668, 781, 117, 10, 0, 0, 0]",5,00911
802,"[0, 0, 7161, 73508, 182894, 152850, 93339, 2201, 28, 11, 4, 2, 2, 0, 0]",1,00915
803,"[0, 0, 11064, 104132, 150262, 147062, 69856, 29526, 82, 11, 3, 1, 1, 0, 0]",5,00915
804,"[0, 2358, 108076, 100088, 67181, 59756, 74036, 53783, 29170, 14730, 2812, 10, 0, 0, 0]",1,00916
805,"[0, 17495, 115402, 72271, 57579, 54645, 64592, 93456, 35336, 1148, 74, 2, 0, 0, 0]",5,00916
806,"[0, 17480, 69048, 95583, 70263, 78250, 101746, 59341, 19650, 634, 5, 0, 0, 0, 0]",1,00920
807,"[0, 14492, 46109, 116274, 71539, 86608, 111219, 59338, 6356, 63, 2, 0, 0, 0, 0]",5,00920
808,"[0, 4700, 6676, 121469, 139647, 111568, 96653, 30319, 953, 10, 4, 1, 0, 0, 0]",1,00927
809,"[0, 5, 10656, 103729, 162117, 116747, 99360, 18283, 1089, 12, 1, 1, 0, 0, 0]",5,00927
810,"[0, 0, 81192, 123035, 80260, 79403, 59257, 45566, 25022, 12252, 5638, 373, 2, 0, 0]",1,00929
811,"[0, 165, 104627, 100362, 64715, 77915, 73209, 48115, 29175, 10435, 3137, 145, 0, 0, 0]",5,00929
812,"[0, 0, 2758, 83735, 178314, 155507, 85692, 5893, 73, 21, 4, 2, 1, 0, 0]",1,00933
813,"[0, 0, 6162, 102815, 154166, 141529, 94816, 12362, 130, 13, 5, 1, 1, 0, 0]",5,00933
814,"[0, 2836, 87761, 108408, 88187, 67324, 58788, 56232, 23536, 14981, 3859, 88, 0, 0, 0]",1,00940
815,"[0, 1220, 81171, 110439, 88236, 77047, 62335, 53326, 26286, 10763, 1156, 21, 0, 0, 0]",5,00940
816,"[0, 2111, 107058, 85297, 71920, 74086, 67708, 70667, 30771, 2248, 132, 2, 0, 0, 0]",1,00941
817,"[0, 289, 78869, 134883, 73873, 60656, 55457, 65820, 35964, 5901, 279, 9, 0, 0, 0]",5,00941
818,"[0, 0, 877, 92869, 141847, 203256, 70822, 2282, 24, 15, 5, 2, 1, 0, 0]",1,00942
819,"[796, 44028, 93737, 73988, 57397, 47681, 61394, 66797, 47974, 17421, 787, 0, 0, 0, 0]",5,00942
820,"[0, 6643, 26068, 117702, 102280, 133188, 73875, 46064, 6158, 14, 5, 3, 0, 0, 0]",1,00946
821,"[0, 0, 10199, 97966, 159501, 155345, 55593, 32904, 481, 7, 2, 1, 1, 0, 0]",5,00946
822,"[0, 19615, 132896, 65898, 54820, 45090, 71385, 52622, 44329, 23580, 1760, 5, 0, 0, 0]",1,00947
823,"[0, 19658, 131715, 68525, 55854, 44859, 49868, 71308, 59195, 10678, 339, 1, 0, 0, 0]",5,00947
824,"[0, 0, 3930, 127671, 132395, 145332, 64763, 35352, 2545, 7, 4, 0, 1, 0, 0]",1,00952
825,"[0, 1, 19155, 130375, 108635, 139535, 67399, 32537, 13840, 511, 7, 5, 0, 0, 0]",5,00952
826,"[0, 6593, 153032, 73453, 41333, 40956, 65699, 64279, 50082, 16027, 544, 2, 0, 0, 0]",1,00954
827,"[0, 584, 115226, 113355, 56000, 64641, 56753, 40616, 32192, 27988, 4589, 56, 0, 0, 0]",5,00954
828,"[0, 1724, 49401, 112245, 78735, 101238, 130594, 36589, 1462, 8, 4, 0, 0, 0, 0]",1,00956
829,"[0, 1353, 43612, 113300, 83980, 107407, 134110, 27703, 503, 24, 7, 1, 0, 0, 0]",5,00956
830,"[0, 487, 73473, 122424, 84546, 73359, 75086, 44843, 27232, 9350, 1185, 15, 0, 0, 0]",1,00959
831,"[0, 80, 20475, 153875, 117737, 87391, 63134, 44243, 19542, 4802, 701, 20, 0, 0, 0]",5,00959
832,"[0, 2118, 90507, 108532, 85121, 74979, 54884, 38929, 37921, 18392, 612, 5, 0, 0, 0]",1,00960
833,"[0, 29874, 110354, 75324, 58557, 66046, 56118, 40412, 37287, 32435, 5590, 3, 0, 0, 0]",5,00960
834,"[0, 0, 4260, 122149, 144227, 128817, 83927, 27944, 660, 10, 3, 2, 1, 0, 0]",1,00962
835,"[0, 468, 13812, 136304, 119046, 109938, 90884, 38694, 2835, 12, 3, 4, 0, 0, 0]",5,00962
836,"[9, 20127, 118097, 66221, 58458, 54454, 66968, 80056, 43714, 3817, 79, 0, 0, 0, 0]",1,00968
837,"[665, 66131, 102090, 50420, 41354, 41942, 55250, 72355, 69383, 12337, 73, 0, 0, 0, 0]",5,00968
838,"[36, 5586, 60496, 102005, 77261, 94511, 116324, 52025, 3713, 34, 9, 0, 0, 0, 0]",1,00969
839,"[0, 0, 6008, 120844, 123995, 155805, 83529, 21567, 231, 10, 6, 2, 3, 0, 0]",5,00969
840,"[0, 1299, 14803, 125350, 117459, 122924, 95338, 33567, 1234, 17, 5, 4, 0, 0, 0]",1,00973
841,"[0, 9688, 120807, 74580, 67310, 66201, 52497, 58149, 54273, 8357, 136, 2, 0, 0, 0]",5,00973
842,"[0, 0, 2110, 85877, 151386, 209176, 62855, 552, 31, 9, 3, 0, 1, 0, 0]",1,00979
843,"[0, 1979, 15170, 120471, 94221, 151490, 118627, 9884, 136, 11, 9, 2, 0, 0, 0]",5,00979
844,"[0, 1020, 13016, 129828, 121754, 107413, 108679, 29926, 355, 8, 0, 1, 0, 0, 0]",1,00988
845,"[0, 0, 791, 59218, 207385, 165182, 78482, 870, 27, 25, 15, 4, 1, 0, 0]",5,00988
846,"[0, 0, 60560, 131893, 121748, 72237, 38619, 32934, 24950, 19150, 8773, 1122, 14, 0, 0]",1,00989
847,"[0, 42, 29738, 112072, 162617, 99926, 43466, 27331, 21029, 14450, 1324, 5, 0, 0, 0]",5,00989
848,"[0, 0, 1577, 132208, 156450, 107384, 72238, 33789, 7901, 444, 5, 3, 1, 0, 0]",1,00990
849,"[0, 1066, 18916, 159361, 99830, 81289, 88687, 52751, 9913, 181, 5, 1, 0, 0, 0]",5,00990
850,"[0, 13515, 126386, 79498, 57985, 58360, 66408, 42330, 33755, 29907, 3835, 21, 0, 0, 0]",1,01001
851,"[0, 21070, 120283, 73763, 54653, 53168, 59151, 64698, 55274, 9742, 197, 1, 0, 0, 0]",5,01001
852,"[0, 63, 102011, 104058, 88179, 84093, 49676, 23177, 21018, 22383, 16472, 870, 0, 0, 0]",1,01005
853,"[0, 0, 1502, 175320, 129816, 97174, 48615, 21766, 16879, 12233, 6939, 1713, 43, 0, 0]",5,01005
854,"[22, 9098, 47648, 118408, 73452, 89435, 113747, 57035, 3134, 15, 6, 0, 0, 0, 0]",1,01007
855,"[13, 10309, 32900, 128804, 87310, 88559, 99960, 55339, 8718, 84, 4, 0, 0, 0, 0]",5,01007
856,"[0, 27696, 101429, 85423, 68106, 56834, 46588, 49160, 56314, 20077, 370, 3, 0, 0, 0]",1,01008
857,"[0, 1097, 75208, 118905, 78719, 70434, 73171, 69479, 23429, 1452, 105, 1, 0, 0, 0]",5,01008
858,"[0, 0, 0, 108655, 204164, 92304, 71036, 22935, 8640, 3082, 973, 191, 16, 4, 0]",1,01014
859,"[0, 0, 0, 111786, 200343, 94953, 66282, 24449, 9600, 3281, 1093, 177, 34, 2, 0]",5,01014
860,"[0, 0, 8979, 166273, 105403, 89295, 86820, 44482, 7823, 2064, 732, 123, 6, 0, 0]",1,01019
861,"[0, 5837, 112724, 100794, 64716, 56349, 58402, 52081, 37946, 21140, 2001, 10, 0, 0, 0]",2,01019
862,"[0, 0, 4978, 148113, 113789, 109447, 105623, 29508, 516, 19, 4, 2, 1, 0, 0]",1,01024
863,"[0, 0, 2667, 135884, 130988, 123900, 86879, 30995, 668, 14, 4, 0, 1, 0, 0]",5,01024
864,"[0, 497, 109890, 109304, 64662, 60706, 62289, 49956, 29698, 19779, 5174, 45, 0, 0, 0]",1,01025
865,"[18, 24966, 118123, 76178, 53016, 47353, 59314, 68331, 49447, 14620, 634, 0, 0, 0, 0]",5,01025
866,"[7973, 11953, 55614, 103404, 77652, 77435, 82244, 84971, 10569, 178, 7, 0, 0, 0, 0]",1,01028
867,"[0, 8649, 15138, 124223, 110114, 100710, 125083, 27867, 186, 19, 8, 3, 0, 0, 0]",5,01028
868,"[0, 1490, 31321, 120058, 100413, 112200, 108733, 34329, 3371, 72, 13, 0, 0, 0, 0]",1,01034
869,"[0, 52, 7615, 120457, 129558, 134977, 106796, 12476, 51, 12, 4, 2, 0, 0, 0]",5,01034
870,"[0, 2828, 12779, 123627, 120257, 132307, 83472, 36286, 437, 6, 0, 1, 0, 0, 0]",1,01035
871,"[1, 7658, 22086, 126155, 106466, 106202, 89888, 46799, 6555, 183, 7, 0, 0, 0, 0]",5,01035
872,"[0, 0, 44968, 167610, 86976, 74841, 58668, 27943, 24642, 17024, 8741, 576, 11, 0, 0]",1,01036
873,"[0, 8268, 135250, 88127, 50968, 51307, 49147, 57681, 42410, 27182, 1649, 11, 0, 0, 0]",5,01036
874,"[0, 2598, 99828, 107707, 72167, 61998, 58629, 56853, 44004, 7864, 327, 25, 0, 0, 0]",1,01041
875,"[0, 0, 62003, 123581, 87893, 80543, 75727, 65231, 14549, 1558, 826, 88, 1, 0, 0]",5,01041
876,"[0, 2435, 25920, 107637, 106108, 144874, 95668, 27468, 1775, 100, 8, 7, 0, 0, 0]",1,01045
877,"[0, 0, 13466, 101948, 126486, 164624, 98950, 6403, 89, 25, 6, 2, 1, 0, 0]",5,01045
878,"[0, 0, 5088, 186374, 96621, 78297, 81616, 51288, 9149, 2720, 669, 169, 9, 0, 0]",1,01048
879,"[0, 0, 18308, 176527, 83770, 83285, 78576, 58595, 9299, 2534, 874, 210, 22, 0, 0]",5,01048
880,"[0, 0, 51276, 157034, 87727, 74802, 63989, 29799, 21254, 17208, 8130, 768, 13, 0, 0]",1,01052
881,"[0, 15608, 134838, 70901, 51447, 47778, 55045, 69700, 51596, 14636, 450, 1, 0, 0, 0]",5,01052
882,"[0, 10444, 136681, 74918, 60300, 50782, 48574, 58535, 51570, 19008, 1135, 53, 0, 0, 0]",1,01055
883,"[0, 8013, 139372, 74281, 59808, 52546, 47791, 54717, 60350, 14449, 665, 8, 0, 0, 0]",5,01055
884,"[0, 1, 7765, 133702, 124498, 122047, 92507, 29903, 1552, 18, 6, 1, 0, 0, 0]",1,01058
885,"[0, 40, 10634, 129683, 120932, 125156, 96634, 27897, 991, 18, 11, 4, 0, 0, 0]",5,01058
886,"[0, 329, 29142, 120450, 92499, 124988, 119289, 24908, 388, 3, 3, 1, 0, 0, 0]",1,01059
887,"[0, 26, 13860, 127324, 110806, 128281, 109891, 21443, 343, 18, 6, 2, 0, 0, 0]",5,01059
888,"[0, 348, 111550, 85379, 68517, 69651, 91261, 50719, 22146, 9868, 2499, 62, 0, 0, 0]",1,01062
889,"[0, 31141, 112832, 68528, 56614, 53688, 62054, 62250, 42326, 21160, 1404, 3, 0, 0, 0]",5,01062
890,"[0, 0, 14093, 115728, 130579, 131124, 93166, 25706, 1566, 28, 6, 4, 0, 0, 0]",1,01064
891,"[0, 0, 5621, 100866, 153959, 151768, 86530, 13224, 27, 2, 2, 0, 1, 0, 0]",5,01064
892,"[0, 0, 4860, 115056, 121680, 166550, 98531, 5259, 48, 12, 3, 1, 0, 0, 0]",1,01068
893,"[2, 2105, 40146, 106490, 91500, 116097, 130393, 24533, 718, 13, 3, 0, 0, 0, 0]",5,01068
894,"[1190, 56884, 90380, 59461, 46155, 50529, 74998, 70509, 51778, 9999, 117, 0, 0, 0, 0]",1,01073
895,"[0, 1788, 62742, 89012, 86739, 124038, 98081, 43413, 6068, 118, 1, 0, 0, 0, 0]",5,01073
896,"[0, 0, 693, 89897, 168305, 165659, 82252, 5126, 54, 7, 5, 1, 1, 0, 0]",1,01074
897,"[0, 0, 1410, 108331, 158009, 150519, 69296, 22730, 1673, 22, 9, 0, 1, 0, 0]",5,01074
898,"[0, 6783, 40868, 95021, 93247, 133465, 107870, 33279, 1443, 18, 3, 3, 0, 0, 0]",1,01077
899,"[0, 5212, 16307, 104052, 111347, 154927, 108472, 11131, 522, 21, 8, 1, 0, 0, 0]",5,01077
900,"[0, 284, 93277, 113170, 79617, 60697, 62417, 53418, 41358, 6926, 781, 55, 0, 0, 0]",1,01078
901,"[0, 0, 10318, 127546, 121775, 129431, 101494, 21178, 238, 10, 7, 2, 1, 0, 0]",5,01078
902,"[0, 0, 16, 153482, 128514, 109441, 87750, 22149, 6790, 1955, 1463, 428, 12, 0, 0]",1,01079
903,"[0, 0, 0, 123965, 159496, 127505, 77805, 13655, 4080, 2342, 1900, 1127, 124, 1, 0]",5,01079
904,"[0, 7402, 28728, 96398, 95098, 159821, 99439, 22975, 1850, 248, 38, 3, 0, 0, 0]",1,01083
905,"[0, 7739, 17614, 93996, 98463, 179027, 112546, 2456, 127, 27, 4, 1, 0, 0, 0]",5,01083
906,"[0, 4608, 23547, 132749, 108603, 98026, 87347, 47853, 8651, 611, 3, 2, 0, 0, 0]",1,01084
907,"[0, 0, 1353, 66631, 204038, 153591, 79048, 7245, 76, 7, 5, 3, 3, 0, 0]",5,01084
908,"[0, 0, 49914, 140878, 92484, 107908, 49724, 27180, 21365, 15830, 6561, 155, 1, 0, 0]",1,01086
909,"[0, 0, 10651, 168332, 119416, 105807, 46742, 22583, 17848, 11984, 6713, 1890, 34, 0, 0]",5,01086
910,"[0, 0, 6993, 101521, 152345, 140551, 106921, 3567, 71, 23, 4, 2, 2, 0, 0]",1,01093
911,"[0, 0, 12812, 134745, 119978, 117349, 86852, 35522, 4687, 40, 11, 4, 0, 0, 0]",3,01093
912,"[0, 83, 64156, 153245, 75455, 64269, 53489, 52737, 36813, 10916, 805, 32, 0, 0, 0]",1,01095
913,"[0, 0, 54166, 151950, 87066, 68383, 60552, 47225, 30843, 9769, 1850, 195, 1, 0, 0]",5,01095
